system:index,B1,B2,B3,B4,B5,B6_VCID_1,B6_VCID_2,B7,B8,Built,DEM,EVI,EVI_constant,EVI_cos_1,EVI_cos_2,EVI_cos_3,EVI_sin_1,EVI_sin_2,EVI_sin_3,EVI_t,NDBI,NDBI_constant,NDBI_cos_1,NDBI_cos_2,NDBI_cos_3,NDBI_sin_1,NDBI_sin_2,NDBI_sin_3,NDBI_t,NDVI,NDVI_constant,NDVI_cos_1,NDVI_cos_2,NDVI_cos_3,NDVI_sin_1,NDVI_sin_2,NDVI_sin_3,NDVI_t,SLOPE,lrad,prec,pres,shum,srad,temp,wind,.geo
1_00000000000000000000,45,42,43,60,58,200,200,44,46,1,10,27,1521,-148,44,39,26,-66,86,-4,-12,374,120,-41,-43,-4,26,-30,-1,21,1448,-64,10,0,-4,-29,48,-4,0.0,404.0,0.16500111,101440.664,0.015402,189.41667,297.15,5.459997,"{""type"":""Point"",""coordinates"":[108.73230752719932,18.580440897359384]}"
1_00000000000000000002,35,31,28,53,49,200,200,33,40,1,92,31,668,-82,-23,33,6,-15,10,-1,-11,1455,36,-25,-75,42,-30,11,-5,22,338,-63,-42,-22,-21,-33,10,0,3.4682896,404.16666,0.23666778,99934.664,0.016092334,181.08333,296.63,4.048664,"{""type"":""Point"",""coordinates"":[109.61840671123693,18.58528794020448]}"
1_00000000000000000012,36,33,34,48,48,201,200,38,40,1,33,17,-447,-34,-16,-52,-43,-65,-1,2,-7,-1613,11,64,0,96,-28,-34,5,15,-1286,-49,-2,-25,-17,-35,-7,5,1.9699506,410.25,0.27166778,100293.336,0.015782334,171.25,297.25333,2.3719974,"{""type"":""Point"",""coordinates"":[110.00701736804473,19.734416118081693]}"
1_00000000000000000014,31,29,28,67,54,199,199,28,46,1,18,35,-144,-78,-8,5,-59,-50,-74,1,-13,1935,-2,0,12,27,-19,28,-7,26,-951,-131,24,-10,-40,-77,-70,4,3.9306352,413.58334,0.25416777,101266.0,0.015448334,169.66667,297.80334,2.494664,"{""type"":""Point"",""coordinates"":[110.795555880134,19.545229837687145]}"
1_00000000000000000016,41,36,37,52,60,201,201,47,48,1,38,28,-2683,-60,-34,-23,-79,-16,-9,10,-3,-518,-59,17,13,55,-39,38,1,17,-1017,-33,4,9,-40,-33,-20,4,8.097875,410.25,0.24583444,100882.664,0.015048667,166.0,297.23,3.1199973,"{""type"":""Point"",""coordinates"":[110.745163579129,19.844368631857566]}"
1_0000000000000000001b,42,36,33,50,52,199,199,36,41,1,29,24,2600,-34,21,14,-11,-1,53,-8,-4,-263,39,0,-2,12,27,-28,0,16,764,-37,2,-6,-27,-19,12,-2,0.9958137,401.83334,0.22583444,101102.0,0.014270334,166.75,296.31,3.0519974,"{""type"":""Point"",""coordinates"":[110.11454413084755,21.362161907530528]}"
1_0000000000000000001d,45,43,44,58,64,200,200,52,48,1,17,17,1311,-8,1,-15,-29,-71,-16,-4,0,-10,9,20,-19,-32,19,15,0,12,338,-21,0,-2,-27,-26,-1,0,1.361823,400.41666,0.20333445,101172.0,0.014353001,169.83333,296.28,2.782664,"{""type"":""Point"",""coordinates"":[110.69072241436749,21.595007246339367]}"
1_00000000000000000020,31,26,26,39,31,199,199,21,34,1,7,39,1250,-55,-13,-116,-55,4,29,-3,-12,-937,106,-22,13,66,11,61,3,23,-1560,-29,-46,-95,36,94,6,6,2.1984773,406.16666,0.3350011,101582.0,0.014290334,151.91667,296.56,1.9053307,"{""type"":""Point"",""coordinates"":[107.98850271687823,21.55350193373389]}"
1_00000000000000000022,32,29,29,43,50,200,200,41,35,1,42,27,-510,-44,-9,23,-94,-2,-80,2,-5,-858,30,-44,-26,62,33,47,3,21,-574,-35,-13,1,-38,-1,-6,2,0.92740995,399.0,0.24416777,100891.336,0.013987,161.0,295.65332,2.6159973,"{""type"":""Point"",""coordinates"":[109.02956012162414,21.771792766704284]}"
1_00000000000000000033,35,31,29,46,46,200,200,32,35,1,17,26,2492,-88,48,23,-149,-29,-30,-8,-7,-1436,14,-43,-7,77,6,23,5,18,-1090,-34,1,-14,-14,11,-12,4,6.2028236,399.5,0.28666776,100938.664,0.01401,154.33333,295.53668,1.9159973,"{""type"":""Point"",""coordinates"":[108.36821746708442,21.992241804584538]}"
1_00000000000000000035,36,31,27,41,23,198,199,13,34,1,48,31,1202,-81,-49,-44,1,-11,-37,-3,-18,-80,59,-83,27,44,4,5,0,20,-178,-41,-17,-23,-13,5,5,1,4.0858126,396.75,0.23666778,100705.336,0.0137060005,159.41667,295.31,2.3279972,"{""type"":""Point"",""coordinates"":[109.26105435281379,22.019727703477972]}"
1_0000000000000000003a,31,27,25,40,49,200,200,39,33,1,138,29,284,-44,51,-38,56,4,39,0,-8,428,-41,-11,65,-83,-34,-14,-1,20,371,-41,20,4,-17,-13,13,0,5.325368,393.91666,0.23500112,99640.664,0.013526667,167.0,295.42334,2.1579971,"{""type"":""Point"",""coordinates"":[111.1130215796341,22.18627512782418]}"
1_0000000000000000004d,35,30,29,40,42,201,201,32,35,1,79,15,-709,-18,-23,37,-46,-16,20,3,-4,981,23,18,30,-21,-25,33,-3,14,-1614,-2,-6,25,-45,11,21,6,2.21079,393.25,0.20916778,100424.0,0.0133156665,157.66667,294.74332,1.596664,"{""type"":""Point"",""coordinates"":[109.2093109441896,22.51505802579791]}"
1_0000000000000000004e,37,30,25,29,18,198,198,11,28,1,189,22,-483,14,-60,-41,36,79,-62,2,-3,-1098,64,-37,16,-55,0,20,3,18,-424,-10,-43,-19,-17,25,-37,2,2.7313037,368.91666,0.20916778,93244.0,0.011303667,154.08333,291.00333,1.4739972,"{""type"":""Point"",""coordinates"":[109.78791497868262,22.48352772224899]}"
1_0000000000000000004f,39,37,38,53,59,202,202,46,47,1,75,19,1333,-38,-11,-29,-42,-7,25,-4,-6,-1945,54,-28,-14,35,-44,20,7,14,57,-27,-15,-19,-24,-14,17,0,1.8543341,397.75,0.20750111,100449.336,0.013591333,155.25,295.4,1.5379972,"{""type"":""Point"",""coordinates"":[110.04905777277662,22.381392012619813]}"
1_00000000000000000050,36,32,29,47,48,200,199,35,36,1,131,16,1160,-34,18,-13,-27,35,-2,-3,-3,-371,-35,-42,23,5,-14,-25,1,14,598,-35,-10,-11,-27,16,-7,-1,1.8543341,395.33334,0.21833444,99778.0,0.013312001,158.5,295.3033,1.5399972,"{""type"":""Point"",""coordinates"":[110.45303003271357,22.530959180154493]}"
1_00000000000000000056,35,30,26,36,26,199,199,17,31,1,32,20,822,-7,22,-12,-45,-33,26,-2,-4,170,10,7,6,51,-9,-10,0,14,317,-16,23,2,-37,-20,5,0,3.0119245,391.66666,0.20000112,100194.0,0.012915667,167.5,295.41,3.1093307,"{""type"":""Point"",""coordinates"":[112.81757538472851,22.636064651085267]}"
1_00000000000000000064,41,35,32,44,40,200,200,28,38,1,109,21,4077,-121,-6,-88,-84,49,-116,-14,-7,-886,85,-4,-8,-42,50,-20,2,16,1034,-44,-16,-31,-72,46,-50,-3,1.3673614,395.83334,0.1525011,100112.0,0.012849667,150.58333,295.09332,1.5933305,"{""type"":""Point"",""coordinates"":[107.63842761137431,22.65815949680509]}"
1_00000000000000000067,40,34,30,42,34,195,195,24,38,1,74,22,-532,-59,-70,40,45,-59,-39,2,-4,-195,-10,-5,32,-41,-14,-17,0,15,-110,-53,-29,49,-36,-42,9,1,3.8383217,393.83334,0.16916779,100517.336,0.013325334,156.41667,294.77,1.5773306,"{""type"":""Point"",""coordinates"":[108.76006543125702,22.85543012740954]}"
1_0000000000000000006f,35,29,27,29,28,190,190,24,30,1,22,13,-344,-49,-12,0,-45,-29,49,1,-6,-160,-10,39,-21,-61,-23,-1,0,11,-137,-41,10,0,-41,-22,22,0,3.5435333,391.41666,0.16916779,99395.336,0.0129286675,156.25,294.74,1.9013306,"{""type"":""Point"",""coordinates"":[112.0028931631629,23.07830491626287]}"
1_00000000000000000071,39,33,30,32,29,193,193,23,33,1,8,10,-972,-73,-49,32,66,-10,-37,3,-6,-2,20,39,-36,-19,-2,6,0,7,-572,-45,-20,16,31,-12,-15,2,2.2158792,389.83334,0.19333445,99742.0,0.0127220005,162.08333,294.92334,2.5619972,"{""type"":""Point"",""coordinates"":[112.87955688937141,22.89720298607822]}"
1_00000000000000000076,38,35,36,45,55,200,200,42,38,1,45,17,1604,-64,20,-16,-42,-47,2,-5,-2,-2447,30,-46,29,54,-9,-8,9,12,213,-28,0,3,-17,-23,0,0,4.1017165,392.0,0.18333445,100810.0,0.013278667,161.08333,295.22998,2.3139973,"{""type"":""Point"",""coordinates"":[114.87597669481812,23.017937606201322]}"
1_00000000000000000078,38,37,38,55,53,200,200,38,43,1,31,21,2433,-51,-9,1,-59,-25,2,-8,-6,-2448,79,70,15,-61,-14,74,8,14,318,-19,-2,13,-58,-13,-1,0,1.0082484,382.75,0.19083445,98428.0,0.012962667,166.83333,293.91333,2.1379972,"{""type"":""Point"",""coordinates"":[115.47721512625843,23.102018415665093]}"
1_00000000000000000093,37,31,28,47,39,199,199,29,38,1,223,28,1893,-146,112,153,-272,-136,113,-6,-6,-157,60,9,-7,30,33,16,0,21,406,-87,68,99,-169,-52,81,0,2.73874,386.25,0.15083446,98539.336,0.012667,154.16667,293.61334,1.5533305,"{""type"":""Point"",""coordinates"":[108.64580096676248,23.169123427418405]}"
1_00000000000000000096,35,29,25,60,36,197,197,19,40,1,75,40,919,-104,-5,-6,-76,-23,-5,-2,-14,-542,61,37,26,75,-45,58,1,26,-1,-44,-97,-56,-1,50,-57,1,4.0273986,389.58334,0.18166779,99034.664,0.012671667,151.75,294.1,1.4679972,"{""type"":""Point"",""coordinates"":[109.48662243870339,23.123038618031035]}"
1_00000000000000000099,36,31,27,38,38,199,199,27,35,1,37,20,-5558,-39,-20,64,-40,-17,-17,21,-10,5216,-31,-11,-100,83,6,74,-19,16,-2445,-41,-19,27,-29,-37,6,9,5.4696307,391.5,0.20083445,100412.0,0.012912334,157.5,294.65665,1.8359972,"{""type"":""Point"",""coordinates"":[110.90874570127468,23.37744371043329]}"
1_0000000000000000009e,35,34,32,60,46,200,200,26,44,1,9,20,-725,-30,3,42,-59,0,10,3,-8,208,43,17,-12,25,-9,2,-1,14,-744,-25,16,6,-48,-6,12,3,2.7415686,393.41666,0.19083445,100797.336,0.013309667,151.58333,294.93332,1.844664,"{""type"":""Point"",""coordinates"":[112.90812634982083,23.422716963428925]}"
1_0000000000000000009f,41,36,35,50,50,199,199,39,42,1,13,19,1070,-40,47,-39,-16,35,24,-3,-6,1552,72,-41,10,-5,-29,16,-5,14,474,-11,20,-23,-21,-3,2,-1,3.4342601,394.91666,0.19083445,101278.0,0.013463,153.08333,295.20334,2.0359974,"{""type"":""Point"",""coordinates"":[112.99086051076647,23.31842304888987]}"
1_000000000000000000a3,35,32,31,57,56,201,200,35,42,1,83,33,-1939,-88,15,3,-53,12,7,8,-9,-710,89,-41,25,59,2,1,2,21,-2137,-12,0,15,-45,21,-20,8,2.1110425,376.25,0.2000011,97466.0,0.011762667,161.66667,293.02332,2.3819973,"{""type"":""Point"",""coordinates"":[114.81695603327469,23.286085648050285]}"
1_000000000000000000a4,36,34,34,45,51,199,199,39,40,1,102,18,2312,-41,45,-61,-56,41,1,-8,-6,-2663,73,-54,26,37,17,-12,9,12,225,-1,12,-32,-19,21,-9,0,1.8543341,380.33334,0.18666777,98015.336,0.012578667,164.16667,293.54333,2.2099972,"{""type"":""Point"",""coordinates"":[115.19397748644461,23.21844108506951]}"
1_000000000000000000c2,38,35,34,47,46,197,197,35,41,1,179,21,1162,-6,-25,-33,-40,22,-18,-3,-4,-1211,5,-28,0,-1,17,-19,4,14,409,-22,-30,0,-33,15,-27,-1,2.7802885,383.33334,0.15583445,96737.336,0.012081667,148.66667,293.18665,1.6033305,"{""type"":""Point"",""coordinates"":[107.80362838720238,23.39657771305362]}"
1_000000000000000000c3,38,36,36,54,57,200,200,43,47,1,195,30,2001,-57,-71,-110,-18,-38,-33,-6,-8,-1429,-32,6,7,17,34,15,5,19,145,-68,-19,-49,-12,-6,-8,0,0.92740995,384.08334,0.17000112,97254.0,0.012400667,148.0,293.20667,1.5893306,"{""type"":""Point"",""coordinates"":[108.10788622938215,23.639121596653702]}"
1_000000000000000000c5,38,37,39,54,53,201,200,39,44,1,191,25,-1290,-79,-105,22,159,-44,-50,5,-6,-520,39,6,-51,5,39,-30,1,19,-979,-41,-48,-27,66,-7,-33,4,1.3730121,389.33334,0.15583444,99310.0,0.012820001,150.25,294.01666,1.5093306,"{""type"":""Point"",""coordinates"":[108.68945556607571,23.677122055831166]}"
1_000000000000000000c8,34,29,28,39,40,203,203,31,34,1,111,18,-127,-7,-13,2,-60,-29,29,1,-3,-41,-50,31,-7,18,2,-27,0,14,-80,-39,-8,-4,-26,-31,20,0,2.2254896,386.08334,0.19083445,98002.664,0.012117667,145.83333,293.45667,1.2973306,"{""type"":""Point"",""coordinates"":[109.85421289314526,23.59680918675755]}"
1_000000000000000000c9,37,34,35,47,51,202,202,41,40,1,49,21,338,-23,35,-31,-20,24,91,0,-5,-35,-74,-17,43,-29,-80,-75,0,14,-352,-67,10,9,-38,-32,14,1,2.2262886,394.33334,0.20750111,100844.0,0.012911,147.75,294.73,1.4366639,"{""type"":""Point"",""coordinates"":[110.36274661368444,23.653943648555362]}"
1_000000000000000000d0,32,27,27,44,35,199,199,23,34,1,33,25,-434,18,22,-24,31,41,54,2,-8,81,15,-12,4,25,-26,-16,0,18,-1054,0,0,-22,-11,5,42,4,1.0137355,388.33334,0.22750111,100738.0,0.012638334,152.41667,294.31665,2.1959972,"{""type"":""Point"",""coordinates"":[113.26897910257095,23.81860487315595]}"
1_000000000000000000d1,36,30,25,35,26,197,197,15,33,1,45,25,320,-87,-58,25,46,-91,6,0,-5,-667,7,14,-41,-11,25,-10,2,21,77,-55,-11,0,-14,-57,-5,0,1.3724425,388.91666,0.2300011,100610.0,0.0126370005,155.91667,294.63,2.2573304,"{""type"":""Point"",""coordinates"":[113.66136215886996,23.577140092010804]}"
1_000000000000000000f1,40,36,39,48,53,200,200,44,47,1,485,16,-1414,12,21,-6,-16,23,24,5,-4,1376,29,-12,29,38,15,-37,-5,12,-119,-9,-21,10,-39,17,-6,0,2.112301,375.91666,0.13000111,93094.664,0.011197334,147.91667,292.26,1.6306639,"{""type"":""Point"",""coordinates"":[106.3472815240459,23.629958143988876]}"
1_000000000000000000f4,38,37,37,52,55,200,200,42,45,1,213,24,-2074,-57,9,-38,22,-14,19,8,-6,355,-34,-3,-39,0,27,-12,-1,15,-838,-78,20,-29,-4,-7,8,3,10.285227,387.83334,0.16833445,98131.336,0.012124,144.41667,293.85666,1.5413306,"{""type"":""Point"",""coordinates"":[107.6524425659853,23.98057280072027]}"
1_000000000000000000f5,36,31,31,41,49,201,201,38,36,1,172,16,-301,-21,0,-53,28,-8,54,1,-4,-226,6,-6,15,3,9,-27,0,11,-209,-26,-15,-10,12,-5,10,1,2.0251772,384.58334,0.1675011,97558.664,0.012491334,148.5,293.28998,1.5819973,"{""type"":""Point"",""coordinates"":[108.1717583928717,23.711885207643828]}"
1_000000000000000000f6,32,29,28,49,48,202,201,35,36,1,224,36,240,-115,-59,-62,-29,65,-58,0,-8,-425,9,35,3,10,-42,-3,1,22,607,-96,-17,-33,-46,9,-56,-1,5.1427965,376.5,0.17083445,95937.336,0.011723334,146.75,292.00665,1.5053306,"{""type"":""Point"",""coordinates"":[108.53719064240369,23.904036790238923]}"
1_00000000000000000100,36,30,27,43,33,198,198,24,36,1,95,17,66,-35,21,0,-39,24,13,0,-4,290,114,-65,-19,-28,102,-51,-1,14,431,-33,-10,32,-38,-4,0,-1,3.1804426,381.16666,0.20000112,98360.0,0.012338,146.83333,292.8033,2.0199971,"{""type"":""Point"",""coordinates"":[112.28667035420419,23.99242955042138]}"
1_00000000000000000104,38,35,35,52,56,201,201,44,40,1,127,28,1995,-10,-53,-39,29,69,-57,-6,-6,-1332,-12,16,-4,-9,-33,9,4,20,630,-20,-27,-28,-8,7,0,-1,2.7510662,381.41666,0.21833444,99480.664,0.011311667,154.5,293.68332,1.9466639,"{""type"":""Point"",""coordinates"":[114.02302646801182,24.247909286177514]}"
1_00000000000000000105,35,28,25,32,28,193,193,21,28,1,166,23,-559,-120,-65,23,106,-47,-78,2,-8,-1172,13,16,-10,-27,-16,34,4,16,-647,-59,-29,11,50,-25,-10,2,2.9594407,373.58334,0.21833445,97087.336,0.010753334,155.75,292.59665,1.9126639,"{""type"":""Point"",""coordinates"":[114.2038563930322,24.06060920552857]}"
1_00000000000000000127,40,36,34,40,44,200,200,38,38,1,236,25,1245,23,-57,78,-76,-56,-34,-4,-8,1285,151,-155,125,-67,44,-106,-5,16,626,23,-66,67,-52,-32,-37,-2,4.7910495,387.5,0.16416778,97995.336,0.011816334,143.0,293.8,1.4559972,"{""type"":""Point"",""coordinates"":[107.2500845006297,24.14415492286593]}"
1_00000000000000000128,36,30,27,47,39,192,192,26,38,1,227,31,-613,-42,-44,28,-5,7,20,3,-9,960,24,9,-34,12,38,-8,-3,20,-167,-99,10,-16,-23,-10,8,1,8.815716,381.5,0.16833444,96554.664,0.011340001,143.75,292.94666,1.4959972,"{""type"":""Point"",""coordinates"":[107.52497024417042,24.02638560494337]}"
1_0000000000000000012a,39,31,26,30,22,189,189,15,28,1,139,25,110,1,-178,195,-90,31,4,0,-9,517,-82,152,-153,44,-42,-18,-1,17,74,-51,-53,55,-43,-11,4,0,13.268838,390.58334,0.18333444,99517.336,0.0128213335,144.0,294.06332,1.5413306,"{""type"":""Point"",""coordinates"":[108.42211908061849,24.113971267835154]}"
1_0000000000000000012c,37,31,28,44,41,200,200,34,37,1,244,34,-2117,-180,-402,349,381,-205,-58,9,-15,-3293,251,293,-260,-322,241,-7,11,25,-1150,-81,-94,78,70,-51,-16,5,0.0,382.0,0.16500111,97644.0,0.011627667,144.33333,292.87,1.4093306,"{""type"":""Point"",""coordinates"":[109.01446606455823,24.143615371638468]}"
1_0000000000000000012d,41,37,37,51,53,197,197,40,43,1,81,29,-2292,-140,31,20,-103,96,-30,9,-5,1662,71,-1,-19,51,-27,37,-6,21,-67,-79,1,-15,-48,22,-11,0,8.528256,387.41666,0.18083446,99527.336,0.011550334,142.5,293.76334,1.4973305,"{""type"":""Point"",""coordinates"":[109.71677002137488,24.25707273884234]}"
1_0000000000000000015b,38,36,35,59,56,200,200,42,47,1,462,24,-25,-26,1,-22,3,30,-17,0,-6,226,-5,3,7,-3,-1,5,0,14,-89,-67,-7,9,-13,13,-19,0,5.0782003,364.0,0.15416779,91483.336,0.010165667,140.08333,289.96332,1.3253305,"{""type"":""Point"",""coordinates"":[107.05659072861754,24.38157975845666]}"
1_00000000000000000165,33,31,31,46,49,202,202,37,39,1,479,26,1649,-40,-5,23,-89,52,-4,-5,-7,-231,0,29,-27,50,-12,3,0,21,839,-49,-2,7,-39,13,0,-2,8.856806,354.58334,0.19000112,92350.664,0.009409,147.66667,288.78,2.2639973,"{""type"":""Point"",""coordinates"":[111.09793198166923,24.762913162345242]}"
1_00000000000000000194,37,34,33,46,51,201,202,42,41,1,217,22,-1457,-1,-44,62,-27,-43,-45,6,-8,1084,-18,7,-6,-10,50,-7,-4,13,33,-64,-8,6,-33,-18,-39,0,2.116584,382.0,0.15416779,96915.336,0.012179,136.0,292.38,1.6186639,"{""type"":""Point"",""coordinates"":[107.91977905144253,24.74917021289852]}"
1_00000000000000000197,40,34,29,42,29,195,195,20,38,1,155,30,405,-160,60,157,-106,-139,99,0,-5,574,50,18,13,-6,-3,-48,-2,20,25,-100,28,3,-89,-18,16,0,3.8423843,382.16666,0.17166778,98736.664,0.0114336675,140.33333,292.74,1.4093306,"{""type"":""Point"",""coordinates"":[109.2958219637275,24.833251022362298]}"
1_000000000000000001d0,36,31,30,49,53,201,200,39,40,1,164,29,1373,-103,-31,54,-118,3,96,-4,-9,1151,-16,-97,-50,111,5,-118,-4,20,386,-72,-23,20,-58,-2,53,0,2.963033,356.5,0.18333444,92472.664,0.009606667,137.91667,288.50665,1.1886638,"{""type"":""Point"",""coordinates"":[109.32142166287534,25.33639814882892]}"
1_00000000000000000211,37,30,28,34,27,193,193,19,30,1,144,24,-2951,-155,2,33,51,-23,-126,11,-12,1032,-19,-16,79,-44,-85,-14,-4,15,-1061,-123,-15,37,10,-20,-50,4,5.9140754,382.16666,0.16916777,99704.0,0.011203334,137.33333,292.7333,1.6579973,"{""type"":""Point"",""coordinates"":[113.23421149165723,25.974022844865356]}"
1_00000000000000000246,40,38,41,52,62,200,200,54,40,1,123,24,1538,-5,-26,56,-64,4,28,-5,-3,-957,-80,26,-12,27,8,-25,3,15,-229,-41,-38,34,-17,-17,13,1,2.9659274,373.66666,0.15333444,99312.0,0.010566667,138.66667,291.38,2.4273305,"{""type"":""Point"",""coordinates"":[111.66925876324304,26.29687959753905]}"
1_00000000000000000249,36,35,37,44,48,200,199,35,36,1,107,9,986,-70,-24,-8,-9,-21,-19,-3,-5,-4944,216,-76,-31,-11,178,-124,18,7,-57,-64,-5,8,-7,-16,7,0,3.606975,380.58334,0.16500111,99611.336,0.010915333,136.91667,292.50998,1.7013305,"{""type"":""Point"",""coordinates"":[113.10916937991651,26.12143626659122]}"
1_0000000000000000027c,36,29,28,35,30,200,199,26,32,1,144,16,-351,-64,-71,25,-62,-34,-43,1,-8,431,-30,-37,-3,5,-17,-32,-1,11,-404,-97,-18,7,-25,-35,-6,1,1.3898259,373.58334,0.15333444,99398.664,0.010233667,140.16667,291.61,2.0293305,"{""type"":""Point"",""coordinates"":[111.28792535935443,26.39551045374022]}"
1_0000000000000000027d,39,33,29,34,30,198,198,25,34,1,123,21,1399,-69,45,0,-23,-47,77,-4,-8,-570,-29,-5,-17,-8,12,-16,1,14,-246,-81,0,16,-15,-34,22,1,0.92740995,373.5,0.13916779,99737.336,0.010392667,139.08333,291.48334,2.5393307,"{""type"":""Point"",""coordinates"":[111.81909793594197,26.70111940353918]}"
1_00000000000000000281,35,29,28,37,30,190,190,24,32,1,154,15,1139,-80,11,20,-9,-48,0,-3,-9,-1434,20,-34,3,5,8,0,5,15,52,-70,-14,11,1,-18,8,0,1.0360705,380.66666,0.17083445,99063.336,0.011164667,139.25,292.76334,2.7919972,"{""type"":""Point"",""coordinates"":[113.27409815058031,26.47824907378691]}"
1_000000000000000002ae,35,27,20,21,7,191,190,4,24,1,263,6,-2740,-154,167,107,-61,-162,38,10,-19,-7194,-278,472,305,-210,-334,152,24,4,-1490,-105,100,70,-50,-87,12,5,0.0,361.41666,0.13750112,96609.336,0.009561334,138.0,289.30334,1.6646639,"{""type"":""Point"",""coordinates"":[109.61894180336336,26.954712939549708]}"
1_000000000000000002b5,40,33,29,32,25,193,193,19,32,1,65,9,-446,-11,-13,0,30,47,12,1,-8,-1263,-40,-4,-28,37,34,7,4,7,-301,-40,-5,0,13,18,1,1,3.251112,380.41666,0.13416778,100676.0,0.012052667,143.83333,292.53333,4.769331,"{""type"":""Point"",""coordinates"":[112.63647345454386,26.884647084696912]}"
1_000000000000000002b6,35,31,29,35,31,197,197,25,33,1,78,18,-189,-58,-19,15,11,27,-54,1,-8,-857,39,0,-18,11,12,8,2,13,-108,-51,-27,17,-4,15,-16,0,5.5060954,384.25,0.18000112,100377.336,0.012792001,141.91667,293.12,4.1653304,"{""type"":""Point"",""coordinates"":[113.12695673401869,26.94689613540302]}"
1_000000000000000002b7,33,27,24,28,20,193,193,14,29,1,136,11,1033,-108,-8,57,3,-73,-12,-3,-11,-940,-37,-6,-28,22,-14,-10,3,9,451,-90,-6,22,-4,-30,2,-1,4.7415757,383.5,0.19833444,99484.664,0.012452668,139.0,293.00665,3.1739974,"{""type"":""Point"",""coordinates"":[113.54224619242929,26.79274947108645]}"
1_000000000000000002e6,33,28,24,50,41,200,200,28,36,1,529,23,888,-113,0,1,-67,4,-6,-2,-11,-4870,-71,24,86,-61,-83,-33,17,16,-673,-126,29,-38,-41,-5,-20,3,16.495882,345.83334,0.1525011,91631.336,0.008989001,144.0,287.11667,0.90533054,"{""type"":""Point"",""coordinates"":[110.5239074439581,27.386982654771806]}"
1_000000000000000002ea,37,30,27,37,31,192,191,23,34,1,141,18,154,-102,12,2,-34,15,0,0,-8,-151,26,-8,-12,27,-3,22,0,14,-57,-58,-15,7,-16,0,0,0,3.475155,367.91666,0.13750112,98034.0,0.010723,131.58333,290.12,4.1846642,"{""type"":""Point"",""coordinates"":[112.23358029706188,27.38401735257126]}"
1_000000000000000002eb,38,30,27,35,28,189,189,20,35,1,103,19,-279,-48,-41,-26,10,13,-39,1,-11,47,-54,-16,-14,23,-36,-7,0,15,-1129,-25,-29,-9,-22,26,-62,4,0.0,354.91666,0.18333444,93225.336,0.010955334,138.58333,288.38333,5.248664,"{""type"":""Point"",""coordinates"":[112.73079681912742,27.244420734992094]}"
1_0000000000000000031c,40,33,29,37,30,187,187,21,35,1,298,27,-992,-231,93,-64,-7,-38,40,4,-16,-5870,0,-77,3,101,-43,-157,21,18,-1577,-96,-57,-32,30,17,-25,6,15.338898,361.0,0.13000111,96534.664,0.009746667,142.83333,289.46667,1.3153305,"{""type"":""Point"",""coordinates"":[109.98734381419693,27.365694906342654]}"
1_00000000000000000351,42,35,33,37,29,189,189,23,35,1,194,21,2468,-155,95,-79,-89,-45,45,-8,-11,-905,1,-61,-37,75,55,0,3,13,479,-65,-10,-16,-29,-9,-7,-1,8.973767,365.75,0.15416779,97922.0,0.009838667,137.58333,290.09998,1.300664,"{""type"":""Point"",""coordinates"":[109.91781305147056,27.984181140657704]}"
1_00000000000000000353,39,33,31,38,35,200,200,27,36,1,197,20,1240,-50,-6,17,-109,-30,-72,-4,-15,-1760,-122,11,61,-97,-155,-26,5,13,512,-72,7,9,-51,-17,-24,-1,1.8543341,365.58334,0.17083445,98670.664,0.0102200005,142.33333,290.25665,1.1879972,"{""type"":""Point"",""coordinates"":[110.72872287354497,28.076618305495636]}"
1_00000000000000000354,33,30,27,43,34,198,199,24,36,1,249,29,3279,-22,-57,1,-4,38,-58,-11,-11,-87,13,40,-18,19,20,29,0,17,843,-82,-32,11,-20,19,-28,-2,8.353511,343.0,0.16500111,92346.0,0.008731667,142.41667,286.59,1.2646639,"{""type"":""Point"",""coordinates"":[111.1167939791253,27.961546743710407]}"
1_00000000000000000355,37,31,29,38,36,200,200,27,36,1,193,21,1322,-65,-59,24,-13,-46,-90,-4,-9,-501,-29,-2,-44,21,0,12,1,15,499,-63,-38,21,-3,-18,-44,-1,2.296968,359.0,0.16916779,97319.336,0.009654667,139.66667,289.13666,1.5819972,"{""type"":""Point"",""coordinates"":[111.37200616881823,28.09386610837036]}"
1_00000000000000000359,41,38,39,42,39,202,202,32,41,1,54,11,1934,-87,37,11,-14,-30,22,-6,-7,-542,22,-13,-36,6,6,-26,1,8,949,-52,20,16,-11,-20,8,-3,2.131254,369.58334,0.16500111,100336.664,0.010359667,148.91667,291.45667,2.4433305,"{""type"":""Point"",""coordinates"":[113.03101471575276,28.099257161543978]}"
1_0000000000000000038a,41,39,39,57,57,201,201,46,49,1,134,19,2120,-6,-20,25,-51,1,72,-7,-7,741,10,38,-44,-37,-18,8,-2,12,765,-34,0,2,-36,-18,31,-2,2.807106,364.25,0.16500111,98782.0,0.009604667,137.83333,289.96667,1.4479972,"{""type"":""Point"",""coordinates"":[110.4104500767542,28.454451315057263]}"
1_0000000000000000038c,33,28,26,34,35,201,201,27,32,1,87,16,2471,-33,-70,-53,23,2,-13,-8,-7,-1010,-7,11,32,3,-7,-2,3,11,1137,-62,-28,-20,12,-14,0,-3,2.3024957,361.0,0.17083445,98808.0,0.00958,137.16667,289.51,1.8833305,"{""type"":""Point"",""coordinates"":[111.49139414042318,28.40028215546]}"
1_0000000000000000038e,34,28,27,46,41,200,200,29,38,1,158,30,-886,-83,-15,-45,8,0,-46,4,-13,57,39,-10,15,42,-1,3,0,21,-693,-125,-18,-13,-2,-4,-38,3,1.4033927,346.58334,0.15083444,93846.0,0.0085763335,135.33333,287.03665,2.5526638,"{""type"":""Point"",""coordinates"":[112.0584089712783,28.31997374548744]}"
1_000000000000000003c7,35,33,34,51,47,201,201,36,43,1,35,23,1903,-24,36,-6,-12,96,103,-6,-8,-222,-7,-65,13,9,-3,-22,0,17,1099,-74,5,-5,-2,26,41,-3,2.308879,370.16666,0.13916779,100849.336,0.010050334,135.25,290.96,2.698664,"{""type"":""Point"",""coordinates"":[112.27292740475748,28.74793150999086]}"
1_000000000000000003c9,36,34,36,65,61,202,201,41,48,1,45,22,-359,-94,-18,-14,-31,10,-14,2,-4,1007,54,29,-30,-32,5,1,-3,15,-301,-70,-4,3,-52,4,-22,1,7.3192286,368.58334,0.1375011,101010.664,0.010055667,145.33333,291.32666,2.1253304,"{""type"":""Point"",""coordinates"":[113.03505912040823,28.886721030279364]}"
1_000000000000000003ca,37,33,32,42,42,201,202,34,36,1,59,21,-1865,-74,6,-46,46,22,-60,7,-9,686,-26,-16,-6,-26,-22,-2,-2,15,-1049,-52,5,-12,1,-4,-29,4,4.2632008,366.41666,0.15416777,100232.664,0.009822334,143.41667,290.92334,1.7359972,"{""type"":""Point"",""coordinates"":[113.35144571745337,28.770030814811744]}"
1_000000000000000003fe,27,22,15,68,40,195,195,15,38,1,284,45,611,-176,-5,-32,-60,-69,-23,0,-17,411,83,16,24,7,36,-2,-2,29,-335,-146,1,-14,-46,-107,21,2,17.432436,349.75,0.1525011,93022.0,0.008951333,126.5,286.93335,1.4319972,"{""type"":""Point"",""coordinates"":[109.49578589136823,28.788892812267814]}"
1_00000000000000000404,36,31,31,36,40,201,201,32,31,1,40,11,998,31,-31,-46,11,32,43,-3,-3,-236,-44,28,-1,-4,-11,18,0,8,533,-13,-9,-19,3,10,22,-1,1.4078635,368.16666,0.14666778,100981.336,0.009930334,137.83333,290.79333,2.5893307,"{""type"":""Point"",""coordinates"":[111.96408560669477,28.911781178199732]}"
1_00000000000000000406,35,31,31,39,44,202,202,36,40,1,40,13,-384,-44,2,-49,-14,-4,-1,1,-3,781,-23,-9,10,-7,-3,0,-2,10,-269,-42,1,-11,-21,2,-5,1,2.7802885,366.58334,0.13750112,100928.664,0.010132001,147.75,291.13666,2.396664,"{""type"":""Point"",""coordinates"":[113.11159513088957,29.14435897094536]}"
1_00000000000000000440,27,23,17,45,28,195,195,14,32,1,388,35,-1038,-198,23,-8,-38,-33,-13,4,-16,75,46,10,-3,37,-2,-32,0,26,-304,-173,-9,9,-69,-50,32,2,5.0882707,357.83334,0.13750112,95034.664,0.009699333,125.75,288.28,1.2833306,"{""type"":""Point"",""coordinates"":[109.73078497598587,29.262395834931123]}"
1_00000000000000000441,32,27,25,36,32,200,200,25,31,1,494,20,-113,-88,3,3,-24,4,-28,1,-10,18,-4,-8,14,-18,-38,-9,0,17,896,-92,7,1,-41,-11,6,-2,3.318247,357.41666,0.13916779,95214.0,0.009547001,127.333336,288.32,1.3353306,"{""type"":""Point"",""coordinates"":[109.88708984521232,29.2745245897965]}"
1_00000000000000000495,34,32,33,47,56,201,201,44,40,1,51,22,543,-108,31,13,-56,8,-3,-1,-5,-1316,50,-31,-2,-7,-1,1,4,17,67,-58,9,4,-34,2,8,0,2.9782257,361.91666,0.17083444,100100.0,0.010605667,147.5,290.28,1.8226639,"{""type"":""Point"",""coordinates"":[114.50784668914876,29.856093926490068]}"
1_000000000000000004da,38,33,33,42,46,202,202,37,38,1,40,16,790,-33,-35,-6,44,42,-93,-2,-6,-125,-8,2,-25,-9,-49,38,0,11,483,-48,-20,3,22,15,-55,-1,0.92740995,363.41666,0.12083445,100932.0,0.010567,147.58333,290.3333,2.3746638,"{""type"":""Point"",""coordinates"":[112.22441684439704,30.056325400194]}"
1_000000000000000004dc,40,36,36,52,53,201,201,43,44,1,33,21,-309,-94,6,-9,-30,41,-19,1,-8,-1241,58,-8,-15,8,-23,10,4,15,-147,-63,1,-4,-21,25,-25,1,0.0,362.66666,0.12083445,101048.0,0.010442667,150.83333,290.5,2.6173306,"{""type"":""Point"",""coordinates"":[112.85853668700548,30.02964659859123]}"
1_000000000000000004e2,36,31,31,39,44,204,204,36,34,1,25,15,546,-84,-15,9,-21,16,-19,-1,-3,-601,-3,-2,7,-15,-23,13,2,11,-84,-62,-15,9,-16,0,-4,0,4.278441,366.75,0.15250112,100816.664,0.011194333,146.33333,291.12665,2.5333307,"{""type"":""Point"",""coordinates"":[115.43220941932601,30.231496725977575]}"
1_00000000000000000528,39,35,35,46,48,200,200,36,40,1,40,15,392,-69,1,-20,-8,10,-15,0,-8,-637,-55,0,15,14,-56,2,2,12,-174,-52,-15,-1,5,2,-16,1,0.0,361.25,0.10250112,100928.664,0.010227,149.16667,290.34,2.348664,"{""type"":""Point"",""coordinates"":[112.5836554025658,30.7122770015601]}"
1_0000000000000000052c,40,33,30,37,43,201,201,36,35,1,34,4,325,-48,-4,16,-7,-33,-5,-1,-2,-1571,-15,3,-15,-27,12,-11,5,4,28,-46,3,5,-13,-20,-8,0,6.552403,362.41666,0.15083444,101130.0,0.010567334,147.16667,290.35666,2.2313306,"{""type"":""Point"",""coordinates"":[114.2995264061339,30.527674677048495]}"
1_0000000000000000052d,33,30,27,52,36,202,202,23,37,1,27,25,629,-82,4,11,-24,-41,-21,-1,-14,202,52,-1,6,21,15,14,-1,18,781,-78,10,12,-23,-52,-29,-2,2.144801,361.33334,0.14666778,101022.664,0.010365333,148.25,290.33667,2.2753305,"{""type"":""Point"",""coordinates"":[114.4186423725746,30.699880700631525]}"
1_000000000000000005cb,34,30,30,45,44,201,201,33,35,1,532,18,502,-96,-25,22,-17,-41,-13,-1,-14,-1718,-37,0,1,-8,-6,27,6,13,151,-93,-6,22,-16,-10,-2,0,2.98354,340.41666,0.11166778,93204.664,0.008809334,135.16667,286.3033,1.5193306,"{""type"":""Point"",""coordinates"":[111.40973462283142,31.18874086732291]}"
1_000000000000000005cd,35,31,29,61,52,201,201,34,44,1,53,30,-309,-114,6,-27,-34,26,-52,2,-12,60,47,19,-6,0,-8,13,0,21,-269,-100,-5,-19,-18,8,-42,1,0.0,358.5,0.09166778,100612.664,0.009532333,149.33333,290.3333,2.146664,"{""type"":""Point"",""coordinates"":[112.63835965428949,31.294113884316893]}"
1_000000000000000005ce,37,36,36,59,54,202,202,40,48,1,106,23,239,-116,-1,-1,-51,23,-18,0,-9,275,41,11,-23,-2,-23,7,-1,17,-23,-93,-3,-14,-20,-5,-9,0,2.3571274,356.25,0.09250112,99913.336,0.009442334,149.66667,289.93332,2.168664,"{""type"":""Point"",""coordinates"":[112.82619928616587,31.190631526169565]}"
1_00000000000000000622,35,34,38,57,52,200,200,40,43,1,1306,24,-939,-176,0,55,7,-27,67,4,-13,-1733,35,-41,-30,11,29,-45,6,15,-705,-122,-1,25,3,2,43,3,1.8543341,316.91666,0.10333445,85359.336,0.0075560003,137.0,282.30667,1.4526639,"{""type"":""Point"",""coordinates"":[110.97935110735494,31.450962763871843]}"
1_00000000000000000625,40,36,35,50,44,202,202,32,43,1,71,17,652,-82,3,10,-11,12,-46,-1,-9,-648,0,5,4,-15,-4,14,2,12,10,-73,-2,1,4,4,-24,0,1.090216,360.66666,0.10250112,100764.0,0.009887667,143.75,290.31332,1.9326639,"{""type"":""Point"",""coordinates"":[112.23546649680748,31.71883880055655]}"
1_00000000000000000627,36,30,29,33,29,198,198,22,34,1,121,12,312,-106,-13,33,-7,-18,10,0,-11,-154,-15,11,-36,-11,29,-38,0,10,207,-80,-19,20,-15,-9,4,0,2.857299,354.75,0.101667784,99891.336,0.009393333,148.0,289.65332,1.8906639,"{""type"":""Point"",""coordinates"":[113.23394394559402,31.53585067062629]}"
1_0000000000000000067b,39,33,35,57,51,201,201,44,40,1,954,27,1274,-114,8,-134,-71,-159,8,-3,-16,-1410,58,-78,44,-23,98,-87,4,15,478,-96,-30,-29,-54,-35,11,-1,4.3544,329.16666,0.09166778,89563.336,0.008493001,143.41667,284.92667,1.3846638,"{""type"":""Point"",""coordinates"":[110.66835556348342,31.74875490952412]}"
1_00000000000000000680,39,36,37,52,47,202,202,36,46,1,110,15,280,-50,-10,16,-13,15,-3,0,-7,16,18,34,-33,21,-21,9,0,10,78,-63,-6,1,0,0,-13,0,2.1859093,356.0,0.07583445,99997.336,0.009287667,147.91667,289.97,1.6699972,"{""type"":""Point"",""coordinates"":[112.77014392682302,31.98375399414178]}"
1_00000000000000000685,42,39,39,59,56,203,203,40,50,1,54,19,1017,-71,-5,8,-54,-14,-13,-3,-6,-217,16,-12,-23,0,17,-4,0,14,66,-55,-9,4,-29,-15,-6,0,1.0936704,352.5,0.09250111,100738.0,0.008850667,148.58333,289.63666,2.0213306,"{""type"":""Point"",""coordinates"":[114.89780399447471,32.010432795744535]}"
1_00000000000000000732,38,30,28,32,28,191,191,22,30,1,234,19,-1083,-145,-30,20,61,-35,-8,4,-16,-569,28,4,-32,-32,30,-19,1,12,-238,-95,-23,24,21,-21,-7,1,4.311583,344.16666,0.08500111,98046.664,0.0091596665,152.83333,288.28333,1.3013306,"{""type"":""Point"",""coordinates"":[110.68748956610374,32.63835448788868]}"
1_0000000000000000073b,42,38,40,49,51,201,201,42,42,1,82,12,-2,-93,-31,57,-23,26,-8,0,-7,-657,32,17,-31,2,-14,-15,2,9,280,-54,-10,30,-10,4,-21,0,1.8543341,352.41666,0.09000111,100565.336,0.0083260005,142.5,289.57666,1.7953306,"{""type"":""Point"",""coordinates"":[114.3830676643702,32.60413088730349]}"
1_00000000000000000790,47,44,45,52,50,202,202,41,45,1,175,8,92,-45,-16,3,-19,-25,-4,0,-5,-1343,34,-30,10,-19,-4,-20,4,5,-29,-35,-12,14,0,-15,-3,0,2.1589308,350.66666,0.08500111,99444.664,0.008689,145.25,289.18332,1.4886639,"{""type"":""Point"",""coordinates"":[111.84146478682607,33.050950649262965]}"
1_00000000000000000791,40,37,38,56,55,202,202,42,46,1,132,23,920,-82,-41,15,-32,2,-40,-2,-10,-1025,34,22,-2,-37,13,30,3,16,444,-63,-39,20,-21,0,-9,-1,1.4423506,351.58334,0.084167786,99630.0,0.008303667,143.16667,289.35333,1.8839972,"{""type"":""Point"",""coordinates"":[112.40848407678223,32.92725072693932]}"
1_00000000000000000796,43,38,39,50,45,200,199,35,47,1,55,12,8,-72,-19,41,-11,7,-19,0,-10,-903,11,21,-14,10,45,-7,3,8,163,-47,1,13,-5,4,-28,0,4.311049,349.91666,0.076667786,100772.664,0.0085930005,146.0,289.28998,1.4346639,"{""type"":""Point"",""coordinates"":[114.34561121552126,32.996241938438246]}"
1_000000000000000007eb,37,34,33,59,51,203,203,39,45,1,344,24,1103,-159,0,15,-23,-39,4,-3,-13,-137,56,16,-23,28,74,12,0,17,-118,-114,5,7,13,-33,16,1,4.3163075,339.08334,0.09250111,96759.336,0.008188,152.0,287.77332,1.2213305,"{""type"":""Point"",""coordinates"":[111.71588312385785,33.403451505739966]}"
1_000000000000000007ec,41,40,43,59,56,202,202,43,51,1,357,14,965,-96,0,0,-52,-23,-15,-3,-8,-1148,34,31,-25,75,27,-36,3,12,543,-77,-5,8,-17,-17,-2,-1,0.0,327.75,0.090834446,93726.0,0.007559334,153.75,286.01666,1.4199972,"{""type"":""Point"",""coordinates"":[112.1039542294382,33.573231778349935]}"
1_000000000000000007ee,43,40,40,54,54,202,202,40,52,1,164,12,-64,-33,-20,-13,-28,-12,-12,0,-7,-267,-10,7,12,21,-2,34,0,9,74,-37,-15,-6,-15,-8,-1,0,2.217265,348.83334,0.084167786,99464.0,0.008270667,141.16667,288.8033,1.7453306,"{""type"":""Point"",""coordinates"":[113.00676166512307,33.26007802956853]}"
1_000000000000000007f2,42,40,40,57,59,200,200,49,48,1,44,23,1119,-89,0,54,6,31,-69,-3,-6,-1907,74,-24,-27,-9,2,27,6,18,439,-58,-9,37,7,20,-48,0,2.1607382,345.5,0.08333445,100892.0,0.008350333,150.16667,288.79666,1.8766639,"{""type"":""Point"",""coordinates"":[115.11340153040884,33.329608792294906]}"
1_00000000000000000847,38,38,43,59,59,204,204,49,47,1,660,13,1014,-109,-11,40,-74,4,-13,-3,-7,-1085,5,29,-7,105,33,2,3,11,496,-81,-7,25,-27,-4,3,-1,2.9952235,325.33334,0.08500111,93648.664,0.0073880004,155.33333,285.88,1.6333306,"{""type"":""Point"",""coordinates"":[112.11635053036677,33.79394836229339]}"
1_00000000000000000849,42,39,41,54,54,204,204,45,45,1,113,16,867,-37,-19,34,-4,5,-57,-2,-6,-666,-15,6,-30,5,-12,53,2,12,238,-37,-26,11,19,5,-36,0,0.0,349.16666,0.075834446,100138.664,0.0082703335,138.5,288.76334,1.8099972,"{""type"":""Point"",""coordinates"":[113.1075507262341,33.66836224022414]}"
1_0000000000000000084a,39,37,39,55,56,201,201,43,46,1,77,16,780,-58,-34,45,19,25,-55,-2,-3,-176,-10,22,-24,-11,2,39,0,13,367,-60,-35,29,18,23,-33,0,0.92740995,348.75,0.06666778,100491.336,0.008118667,138.75,288.73666,1.6939973,"{""type"":""Point"",""coordinates"":[113.63845575675843,33.77831475400001]}"
1_000000000000000008a7,38,33,34,48,46,205,205,33,41,1,123,10,301,-56,-5,3,-12,-4,-12,0,-8,-1159,-7,29,-2,31,-14,-6,4,8,-360,-60,0,-5,-7,-5,-13,1,0.92740995,345.41666,0.06666778,99854.664,0.0077180006,140.5,288.47998,1.9286638,"{""type"":""Point"",""coordinates"":[113.46517063072045,34.162345914025934]}"
1_000000000000000008a8,38,33,33,50,41,202,202,31,40,1,63,14,-1102,-69,-26,30,9,-9,-10,4,-9,347,5,24,2,4,0,21,-1,11,-547,-84,-9,19,-15,1,-6,2,3.481433,348.16666,0.06750111,100686.664,0.0082806675,140.41667,288.7033,1.4999971,"{""type"":""Point"",""coordinates"":[114.19280674062176,34.0957804535001]}"
1_00000000000000000905,40,35,34,61,50,202,202,37,49,1,63,19,565,-159,21,31,-43,76,-66,-1,-8,-1091,29,27,15,36,-2,6,3,14,687,-105,1,29,-14,16,-54,-1,1.4573017,345.33334,0.06666778,100634.0,0.008131334,141.75,288.4833,1.7999972,"{""type"":""Point"",""coordinates"":[114.572525949929,34.42833575096504]}"
1_00000000000000000906,37,30,29,32,32,190,190,26,30,1,65,10,-162,-77,-16,21,10,26,-44,1,-4,145,11,7,-5,39,-44,10,0,9,367,-63,-9,22,-4,15,-37,0,1.8543341,344.08334,0.06750112,100638.0,0.008217334,143.33333,288.31,1.8873305,"{""type"":""Point"",""coordinates"":[114.75416297224005,34.56605062789965]}"
1_0000000000000000095b,40,36,38,41,40,202,202,33,41,1,169,3,332,-36,5,11,-8,3,-19,-1,-9,261,-59,8,33,12,20,-1,-1,2,289,-28,0,5,4,-2,-9,0,2.9996078,338.33334,0.06250112,98473.336,0.007872667,154.5,288.49,2.3879974,"{""type"":""Point"",""coordinates"":[112.37344891980531,34.67600314167552]}"
1_00000000000000000a18,40,36,36,61,49,203,203,36,47,1,229,18,2483,-131,-15,42,-74,-11,-12,-8,-10,-1789,50,10,-45,62,11,-26,6,13,1063,-117,-11,10,-49,-3,7,-3,1.4690506,332.16666,0.057501115,97574.664,0.0074533336,148.66667,286.66666,1.9093306,"{""type"":""Point"",""coordinates"":[113.90121274543377,35.52787426602688]}"
1_00000000000000000a19,39,35,36,50,43,203,203,34,42,1,65,15,963,-96,-13,55,-9,10,-55,-3,-10,-1039,9,2,-36,15,8,26,3,11,188,-71,-14,30,8,1,-34,0,2.4588156,340.16666,0.05833445,100645.336,0.007994667,143.91667,287.58667,2.1353307,"{""type"":""Point"",""coordinates"":[114.44424653082348,35.51008691192468]}"
1_00000000000000000038,35,30,26,48,34,198,198,22,39,1,102,34,1015,-59,-54,8,36,0,-6,-2,-12,-713,23,3,-10,22,22,55,2,24,-885,-60,-31,-4,-27,-20,-5,4,6.5407615,395.66666,0.22750111,99986.664,0.013328667,162.58333,295.54333,1.8259972,"{""type"":""Point"",""coordinates"":[110.4508718278037,22.254187236868162]}"
1_000000000000000000cd,40,35,36,50,47,200,199,34,43,1,54,29,-970,-137,-13,-36,31,-33,100,4,-9,42,52,-6,-1,-26,26,-56,0,20,-542,-54,-20,-6,-3,-19,42,2,3.1698105,383.33334,0.17416778,98094.0,0.012421668,157.5,293.50333,1.8866639,"{""type"":""Point"",""coordinates"":[111.79026092942934,23.514886582203648]}"
1_00000000000000000133,36,32,31,56,52,200,200,34,41,1,343,27,523,-192,60,-46,9,-138,86,0,-6,-220,55,-29,18,15,59,-36,0,19,790,-97,-6,-5,-41,-55,0,-2,4.2235093,365.5,0.19833444,94642.664,0.011004,146.41667,290.34665,2.1799972,"{""type"":""Point"",""coordinates"":[112.03253726696622,24.247102188886835]}"
1_00000000000000000168,34,28,25,39,34,196,196,23,33,1,123,20,1846,-49,-2,29,-56,-43,34,-6,-7,-388,27,-31,63,12,20,-37,1,15,864,-89,7,8,-8,-28,-11,-2,0.0,377.91666,0.19083445,99621.336,0.011558667,143.25,292.1133,2.0319972,"{""type"":""Point"",""coordinates"":[112.2866703542042,24.922722884999686]}"
1_000000000000000001a1,30,26,25,47,44,195,195,30,35,1,265,27,1669,-107,2,48,-22,-71,46,-5,-6,-957,28,4,34,-2,-19,-20,3,21,522,-91,-5,7,-56,-27,13,-1,6.3883777,378.5,0.18333445,100124.664,0.011642334,148.5,292.47333,1.8793305,"{""type"":""Point"",""coordinates"":[113.27948920375393,25.013813401319485]}"
1_000000000000000001d5,35,29,28,36,41,201,202,36,33,1,205,18,1520,-5,52,3,-13,-49,18,-5,-6,2266,1,75,-35,-21,89,51,-8,10,701,-32,34,-12,0,-22,29,-2,1.0281954,374.75,0.17083445,98558.0,0.010904667,145.0,291.74667,2.3859973,"{""type"":""Point"",""coordinates"":[111.49785983695068,25.58298643708447]}"
1_0000000000000000020d,37,35,34,50,51,202,202,39,38,1,251,19,-1190,358,-333,-85,59,339,-227,4,-3,450,-209,80,34,-55,-185,20,-1,13,-170,179,-212,-52,48,219,-136,1,4.2110715,372.25,0.17083445,98028.0,0.010548334,144.58333,291.43,2.3733306,"{""type"":""Point"",""coordinates"":[111.37254572004568,25.647665697864703]}"
1_0000000000000000027a,31,28,28,41,38,191,191,30,37,1,806,27,481,-80,-28,64,-45,-6,58,-1,-11,-2839,-71,-109,17,112,-107,-95,10,17,302,-73,8,-4,-24,-3,31,0,4.1635814,340.25,0.14500111,89098.664,0.008273667,137.83333,285.92667,1.7153306,"{""type"":""Point"",""coordinates"":[110.55409109898886,26.427045216390187]}"
1_000000000000000002e3,37,33,31,37,29,193,194,20,37,1,301,31,9817,-5,-62,-263,-47,106,-34,-35,-9,-430,-46,-178,-170,184,78,28,1,21,2583,-46,-152,-155,58,112,-41,-8,8.540255,358.5,0.11916778,95759.336,0.009259667,135.58333,288.72998,1.6453305,"{""type"":""Point"",""coordinates"":[109.45509213515447,27.210464680470093]}"
1_00000000000000000350,37,30,27,42,34,196,196,22,35,1,432,30,1869,-148,0,19,-21,-17,-22,-6,-16,-2759,-62,-22,39,12,-99,-32,9,21,-1174,-91,-54,-26,48,29,-44,5,0.0,360.33334,0.13583446,95576.664,0.0091223335,128.08333,288.81332,1.4466639,"{""type"":""Point"",""coordinates"":[109.4653302311732,27.73166670710212]}"
1_00000000000000000446,34,29,27,48,41,200,200,29,40,1,35,23,879,-81,-49,-16,-37,-7,13,-2,-11,413,-10,-12,14,-19,-19,7,-2,17,291,-101,-27,-11,1,-14,-3,0,1.8543341,365.25,0.13916777,100990.0,0.010105668,145.08333,290.64667,2.858664,"{""type"":""Point"",""coordinates"":[112.28586325691352,29.417893606866897]}"
1_0000000000000000044a,38,34,33,52,47,201,200,33,42,1,79,23,-977,-118,-46,47,59,-16,-32,4,-12,-1041,54,0,-41,-15,35,9,3,15,-874,-60,-31,18,6,-5,-11,3,2.3224595,352.83334,0.15916778,98264.0,0.009584667,152.91667,289.22,1.782664,"{""type"":""Point"",""coordinates"":[113.9300497519464,29.467483269682262]}"
1_0000000000000000044b,37,34,31,54,49,202,203,35,43,1,84,21,133,-115,-21,54,39,-33,-36,0,-8,299,58,-7,-18,-22,18,18,-1,15,207,-95,-31,42,12,-23,4,0,2.1379752,360.41666,0.1700011,100130.0,0.010139001,151.5,290.31332,1.6326638,"{""type"":""Point"",""coordinates"":[114.02113580916516,29.43864626316962]}"
1_00000000000000000488,39,32,28,34,27,183,183,23,32,1,732,23,167,-86,-1,-105,-57,-16,67,0,-10,-101,12,-6,1,16,1,0,0,14,-113,-80,9,-33,-15,-14,35,0,2.9775636,346.5,0.13583446,91097.336,0.009067668,125.416664,286.34665,1.2133305,"{""type"":""Point"",""coordinates"":[109.14544323980108,29.68253679528786]}"
1_00000000000000000489,37,33,33,47,54,201,200,47,36,1,527,22,1912,-6,-17,-61,-74,-9,-65,-6,-4,-1817,-89,11,-6,46,-76,55,6,14,280,-55,0,-7,-25,-19,-12,0,6.2761717,362.16666,0.13083445,95510.0,0.0101913335,123.583336,288.8633,1.1326638,"{""type"":""Point"",""coordinates"":[109.45670632973582,29.588752981931776]}"
1_0000000000000000048f,36,32,31,47,53,201,201,43,39,1,38,19,1622,-75,-31,1,-36,38,-32,-5,-6,-544,-18,-1,-34,23,-67,21,1,13,865,-89,-11,1,-19,2,-20,-2,2.139595,364.58334,0.13583446,100936.0,0.010311333,146.08333,290.50665,2.4766638,"{""type"":""Point"",""coordinates"":[112.07296347711676,29.746408958777415]}"
1_00000000000000000497,37,32,33,38,45,203,203,36,36,1,29,10,-445,-44,-9,-48,66,0,43,2,-4,-240,-15,-11,20,-15,11,10,0,7,-343,-35,-8,-15,35,-6,25,1,2.978198,373.25,0.20083445,101102.664,0.012287667,143.58333,292.06,2.912664,"{""type"":""Point"",""coordinates"":[115.55860263868593,29.848816673570848]}"
1_000000000000000004d2,34,30,29,41,37,199,199,29,34,1,1123,29,1371,-56,-18,-78,-50,8,-117,-4,-10,-253,-30,-56,-59,67,-39,56,0,15,-5,-75,-14,-28,-26,10,-44,0,9.921535,363.25,0.13750112,95144.0,0.010041,125.416664,289.13998,1.4479972,"{""type"":""Point"",""coordinates"":[108.59135980200097,29.88789177610219]}"
1_0000000000000000056e,33,28,26,40,23,186,186,17,30,1,1395,24,2260,-25,-55,-7,-121,-19,-44,-7,-12,-3556,-60,-91,5,27,-48,-36,12,15,435,-53,-26,9,-59,-7,-12,-1,1.4213891,314.16666,0.13500111,81315.336,0.006902667,134.83333,281.43,1.3966639,"{""type"":""Point"",""coordinates"":[109.27560885865222,30.592889029955156]}"
1_0000000000000000056f,41,35,31,34,27,186,187,20,35,1,564,16,695,-52,11,23,-62,29,-4,-2,-6,-1018,1,-33,-44,51,24,-12,3,11,-260,-71,-3,8,-23,8,10,1,5.6499305,356.41666,0.14333445,93558.664,0.00972,134.83333,288.79666,1.3146639,"{""type"":""Point"",""coordinates"":[109.70114087218258,30.602864039011703]}"
1_00000000000000000570,40,34,32,52,45,199,199,36,37,1,1123,23,344,-124,7,29,-36,-13,18,0,-8,-976,35,21,-28,19,-23,4,3,15,103,-93,0,24,-35,-11,6,0,13.431926,334.33334,0.13750112,88038.664,0.008046667,135.75,285.27664,1.3439972,"{""type"":""Point"",""coordinates"":[110.13556433321348,30.667538840690884]}"
1_000000000000000005d3,37,35,38,52,62,203,203,51,43,1,116,16,-525,-84,0,-4,-28,45,-30,2,-5,1998,16,13,11,-19,-24,0,-7,13,-39,-46,-10,8,-34,14,-7,0,3.2591631,344.91666,0.12083445,98460.0,0.0090270005,160.58333,288.83334,2.0039973,"{""type"":""Point"",""coordinates"":[115.09426306868744,31.48060686767515]}"
1_0000000000000000062a,36,35,38,52,54,201,201,44,45,1,78,11,-45,-88,23,-54,-34,-25,18,0,-6,168,-1,13,2,2,3,-35,0,9,-120,-70,3,-12,-26,-6,-6,0,2.1494184,350.41666,0.120001115,99486.664,0.009047001,151.66667,289.22665,2.092664,"{""type"":""Point"",""coordinates"":[114.47900968263613,31.503780815849904]}"
1_00000000000000000679,34,33,32,54,48,203,203,36,44,1,449,38,441,-103,-31,-54,72,25,2,0,-14,-2608,87,0,27,-19,37,-36,9,22,587,-94,-18,-14,-14,-1,12,-1,15.698659,343.91666,0.09333445,93199.336,0.0089093335,148.25,287.92667,1.4606639,"{""type"":""Point"",""coordinates"":[110.04366671960302,31.802112512729657]}"
1_000000000000000006da,44,41,43,57,58,202,202,46,49,1,119,21,-78,-82,-6,14,16,63,-82,1,-10,-457,7,-8,25,-12,28,0,1,13,-49,-55,-12,21,16,24,-46,0,1.4377977,355.5,0.06750111,99950.0,0.009061667,137.41667,289.30667,1.8493305,"{""type"":""Point"",""coordinates"":[111.84685583999966,32.44458871071224]}"
1_00000000000000000734,39,38,40,52,53,203,203,41,47,1,196,18,716,-98,0,-35,-55,-19,-13,-2,-10,-2,27,7,15,1,-31,-3,0,12,37,-58,-6,-1,-18,-10,-6,0,1.4408145,352.33334,0.076667786,99476.664,0.008835333,140.5,289.05,1.6353306,"{""type"":""Point"",""coordinates"":[111.70375436899248,32.76582680970353]}"
1_0000000000000000073c,43,39,41,65,64,201,201,50,49,1,43,21,-529,-77,-47,49,26,46,-35,2,-5,1148,13,10,-23,-46,-28,6,-4,16,-229,-51,-31,43,13,27,-29,1,1.4413418,348.41666,0.084167786,100896.664,0.008363667,145.91667,289.03665,2.0699973,"{""type"":""Point"",""coordinates"":[115.11636237350832,32.821342617818935]}"
1_00000000000000000797,50,43,43,60,56,200,200,42,50,1,42,22,-101,-116,-8,41,-5,38,-57,1,-8,-620,50,4,-44,-21,9,-2,1,18,-181,-74,-6,31,-4,21,-60,1,1.108868,347.75,0.08083445,100890.664,0.008525001,147.0,288.94333,1.6653305,"{""type"":""Point"",""coordinates"":[114.8797490943093,33.24579552889435]}"
1_000000000000000007f3,42,40,42,57,56,201,201,46,49,1,41,17,961,-62,-10,33,-5,10,-54,-2,-6,-470,-1,20,-28,-36,-5,26,1,12,354,-55,-5,24,5,0,-41,0,1.4467764,344.91666,0.08250111,100900.664,0.008289333,151.41667,288.78333,1.9579972,"{""type"":""Point"",""coordinates"":[115.26782019988966,33.38431750311964]}"
1_0000000000000000084e,42,39,39,67,62,201,202,50,52,1,43,25,220,-107,-18,74,-1,54,-56,0,-6,-394,14,5,-42,0,-28,25,1,18,57,-64,-20,44,4,24,-32,0,2.163827,343.33334,0.08083445,100868.0,0.00818,152.0,288.67334,1.7513306,"{""type"":""Point"",""coordinates"":[115.27752320378197,33.7961021081022]}"
1_00000000000000000851,43,39,40,48,49,202,202,39,45,1,35,14,163,-50,10,-5,6,1,-43,0,-10,-1009,-6,3,-17,4,1,65,3,9,-186,-50,-15,4,-4,8,-14,1,0.92740995,338.41666,0.08583445,100958.0,0.008412668,166.58333,288.53668,2.0113306,"{""type"":""Point"",""coordinates"":[116.45521192390649,33.929233029153885]}"
1_0000000000000000043f,36,30,29,37,35,200,200,27,31,1,506,22,-669,-82,-16,-26,-3,16,-31,3,-11,-494,24,-11,-11,0,-79,18,1,17,-146,-49,-1,-8,-10,-21,-12,1,6.800398,355.33334,0.13000111,93709.336,0.009667001,123.75,287.74,1.2119972,"{""type"":""Point"",""coordinates"":[109.30633206491048,29.37773940188061]}"
1_0000000000000000001a,39,37,38,62,70,200,200,48,48,1,8,23,-1340,-8,-2,14,-28,1,-11,5,0,434,29,5,-49,21,-5,25,-1,17,-928,-18,-1,-9,-27,-17,15,4,1.9878639,402.66666,0.20916778,101126.0,0.014544334,167.83333,296.37332,3.010664,"{""type"":""Point"",""coordinates"":[110.30211175755967,21.127702374140345]}"
1_00000000000000000059,39,33,33,39,41,200,200,32,36,1,46,10,543,-21,-29,34,-18,11,30,-1,-4,-1032,54,-26,16,41,-23,26,3,7,-118,-6,-18,21,-16,2,17,0,6.079551,384.08334,0.2000011,98160.664,0.012786667,172.08333,294.38998,2.4339974,"{""type"":""Point"",""coordinates"":[113.93166394652775,22.685649854799582]}"
1_00000000000000000040,35,27,25,31,34,199,199,25,33,1,16,16,-585,-90,32,-23,56,-12,7,2,-2,-1275,8,22,-22,13,3,-12,4,12,-757,-57,21,-17,8,-4,-14,3,3.4252744,393.66666,0.21833444,100184.664,0.013847667,179.08333,295.88666,3.5233307,"{""type"":""Point"",""coordinates"":[113.5640734920859,22.275746990461574]}"
2_00000000000000000166,24,18,12,62,37,187,187,15,35,0,1086,51,-925,-128,106,51,-117,-87,9,5,-20,-379,58,-36,-12,44,95,-3,0,33,-590,-86,27,10,-47,-148,-64,3,11.390306,369.91666,0.18333444,96298.664,0.011033,145.33333,290.97,2.3739972,"{""type"":""Point"",""coordinates"":[111.7077943145469,24.573459335887478]}"
2_00000000000000000135,28,22,17,40,25,190,190,10,31,0,546,36,-885,1539,-926,225,-582,635,-385,1,-11,-3145,1302,-655,0,-444,791,-442,8,31,2683,482,-455,304,45,-235,117,-9,21.384775,366.0,0.20916778,96136.0,0.010869667,148.5,290.60333,2.2986639,"{""type"":""Point"",""coordinates"":[112.83428363637579,24.462967270884146]}"
2_000000000000000008ad,35,31,30,72,53,201,201,29,49,0,40,37,419,-161,-45,76,-14,86,-50,0,-15,-527,121,43,-45,-32,-28,89,1,25,-289,-138,-64,78,-37,86,-7,2,2.7802885,338.5,0.08500111,100898.0,0.008417667,162.58333,288.26666,1.8613305,"{""type"":""Point"",""coordinates"":[116.11511182745915,34.147523862124274]}"
2_00000000000000000405,35,31,28,63,42,200,200,24,45,0,27,35,1698,-135,-17,35,-146,49,-24,-5,-17,88,75,-9,-9,44,-42,3,0,26,1267,-117,4,22,-103,34,-23,-3,1.8543341,367.91666,0.13666777,101012.664,0.010123667,143.58333,291.04,2.850664,"{""type"":""Point"",""coordinates"":[112.61626034946859,29.188285575422853]}"
2_00000000000000000244,27,21,15,38,23,190,190,10,32,0,696,33,-3086,-189,-46,52,25,-123,21,12,-14,3045,-25,10,-50,9,43,-10,-11,22,-4286,-190,-34,9,75,-167,78,17,25.50797,348.91666,0.15583444,92107.336,0.0086653335,140.58333,287.61,1.9759972,"{""type"":""Point"",""coordinates"":[111.04349081690769,26.286365037255024]}"
2_0000000000000000052b,29,27,24,82,55,200,200,26,52,0,26,35,-928,-126,-22,29,-64,207,-104,4,-14,-113,10,40,-30,-37,-101,71,0,25,-532,-99,13,5,-55,137,-82,3,0.0,359.58334,0.12833445,101026.664,0.010267334,150.5,290.08667,2.2279973,"{""type"":""Point"",""coordinates"":[113.58994519639799,30.519857872901813]}"
2_00000000000000000494,26,21,15,59,42,195,195,16,36,0,129,49,-1265,-150,37,16,-14,-19,22,6,-16,-2,39,-5,1,39,17,-25,0,35,-2132,-89,18,4,-31,1,8,9,4.2733746,359.58334,0.17083445,99952.0,0.010314334,151.0,290.12332,1.7453306,"{""type"":""Point"",""coordinates"":[114.25263449945584,29.759072805769193]}"
2_00000000000000000739,33,32,32,60,68,202,203,45,45,0,178,30,-114,-65,-35,90,15,73,-67,1,-10,-768,28,36,-111,-67,-40,48,2,22,19,-27,-35,62,16,13,-46,0,0.92740995,346.08334,0.084167786,98484.0,0.008478001,143.58333,288.36334,1.4593306,"{""type"":""Point"",""coordinates"":[113.48996323257764,32.66907769414692]}"
2_000000000000000000d9,26,20,14,47,37,191,191,19,29,0,896,35,-1212,-12,-17,26,8,-20,14,5,-12,-669,39,28,-16,-9,14,31,1,26,-4,37,-70,23,-38,-83,37,1,39.206745,375.33334,0.18333444,96905.336,0.011225667,166.16667,293.15332,1.6413306,"{""type"":""Point"",""coordinates"":[116.58537754275763,23.914274886257633]}"
2_000000000000000000a2,29,27,19,53,29,195,195,12,41,0,13,39,-857,-97,26,-27,-70,-9,16,4,-17,1997,16,-14,23,28,-5,26,-8,26,-678,-11,24,-43,-77,29,-17,3,2.9571314,389.08334,0.19500111,100482.0,0.012461,157.41667,294.86,2.3359973,"{""type"":""Point"",""coordinates"":[114.3590821598037,23.184213025383265]}"
2_0000000000000000002f,29,21,15,59,27,194,194,10,35,0,296,48,37,57,45,-76,-149,130,-3,1,-21,3257,-55,-72,21,58,-83,-97,-13,30,-2548,109,60,-86,-139,152,53,10,10.172678,396.08334,0.16000111,98755.336,0.013380667,145.5,294.80667,1.4453305,"{""type"":""Point"",""coordinates"":[106.86147384382188,21.989004497219735]}"
2_0000000000000000020c,26,22,15,65,37,196,196,14,39,0,272,50,739,-74,31,-169,122,188,9,0,-22,2243,-86,64,120,-120,-153,17,-9,28,-1012,-49,-43,-185,168,223,-41,5,15.392882,375.58334,0.18416779,98880.664,0.010631667,142.91667,291.97998,2.280664,"{""type"":""Point"",""coordinates"":[110.89553784395436,25.731206956101012]}"
2_0000000000000000048e,37,35,35,63,56,202,202,37,49,0,57,34,907,-98,-32,-7,-2,74,-58,-2,-13,-792,24,7,-37,3,-40,49,2,20,575,-76,-29,-3,-17,28,-49,-1,0.92740995,365.08334,0.15166779,100793.336,0.009856334,144.08333,290.61667,2.1359973,"{""type"":""Point"",""coordinates"":[111.4954340859776,29.651278496903196]}"
2_00000000000000000009,34,29,25,26,9,195,195,5,27,0,48,11,134,-44,-73,64,40,-7,23,0,-5,781,68,-143,178,197,36,-15,-3,9,-83,-17,-79,37,49,-8,-15,0,0.0,408.83334,0.15916778,100618.0,0.015948001,199.25,298.08667,3.6653306,"{""type"":""Point"",""coordinates"":[108.82581933539115,19.15554007842441]}"
2_00000000000000000848,35,34,37,54,63,206,205,48,44,0,237,19,1861,-53,-71,42,-31,69,-47,-6,-6,-2156,-19,58,-25,6,-19,41,7,15,1140,-52,-48,19,-11,51,-33,-3,2.1648304,342.25,0.07500111,98234.0,0.007979,142.08333,287.92667,1.9886639,"{""type"":""Point"",""coordinates"":[112.86931879335272,33.94513418351048]}"
2_00000000000000000162,31,24,20,55,41,191,191,18,39,0,452,50,4010,-560,271,47,54,-394,211,-12,-15,-1714,319,-178,0,-1,255,-149,5,35,5203,-320,218,-67,-38,-239,138,-17,21.734926,371.66666,0.18333445,96462.0,0.010426001,143.66667,291.39667,1.6633306,"{""type"":""Point"",""coordinates"":[109.78953363236502,24.810616625415005]}"
2_000000000000000000cc,29,23,18,72,39,194,194,14,41,0,80,44,-2595,-30,-1,27,-88,-31,49,11,-19,-53,57,19,4,39,25,-4,0,31,-1740,15,-40,14,-107,-26,8,7,7.105406,390.75,0.17416778,100504.664,0.013008,159.58333,294.63666,2.0333307,"{""type"":""Point"",""coordinates"":[111.50459753864244,23.536446335797063]}"
2_000000000000000005cc,26,21,16,72,40,195,195,15,38,0,275,40,665,-244,15,-31,-98,-106,42,-1,-17,0,109,3,-12,-4,41,-23,0,24,1091,-223,-4,-22,-69,-95,63,-2,3.5254943,353.83334,0.10250112,97799.336,0.009815334,139.33333,288.73666,1.7866639,"{""type"":""Point"",""coordinates"":[111.8918615469321,31.353941643150968]}"
2_000000000000000008a4,32,30,34,62,56,205,205,37,45,0,376,25,1058,-144,-52,95,-83,90,-11,-3,-11,-790,18,71,-69,57,-48,0,2,22,819,-126,-48,69,-53,73,-10,-2,5.2590766,329.91666,0.07583445,94895.336,0.007424667,149.91667,286.43,1.9173306,"{""type"":""Point"",""coordinates"":[112.40632587187235,34.09712710201823]}"
2_000000000000000001a2,25,20,14,61,36,191,191,15,38,0,891,51,-692,-166,61,-11,-51,-68,2,4,-16,400,44,-13,3,37,42,13,-2,32,-899,-79,0,-29,-43,-88,-30,4,20.607952,378.5,0.18333445,100124.664,0.011642334,148.5,292.47333,1.8793305,"{""type"":""Point"",""coordinates"":[113.32368781339568,24.997644700899684]}"
2_0000000000000000003d,28,22,16,86,42,195,195,15,46,0,81,57,1194,-155,31,109,-203,-137,-1,-2,-18,907,41,1,1,4,-13,21,-4,33,2100,-150,68,25,-161,-105,38,-6,27.182047,396.83334,0.2350011,100806.0,0.0138,163.75,295.79,3.3799973,"{""type"":""Point"",""coordinates"":[112.24516950069977,22.223196484546712]}"
2_000000000000000008fd,29,24,22,58,50,194,194,27,38,0,1003,26,440,-230,8,35,-44,-24,42,0,-7,1532,117,10,-35,11,-27,57,-5,21,92,-191,-9,27,-43,-12,40,0,33.89636,332.25,0.06750111,94813.336,0.007745,151.66667,287.26,2.2299974,"{""type"":""Point"",""coordinates"":[110.77076327827683,34.45582610895952]}"
2_0000000000000000020e,26,24,17,78,49,194,194,19,42,0,466,47,668,-43,-143,57,-165,5,-29,-1,-16,-89,13,139,-80,118,-23,89,0,31,376,-41,-142,54,-162,28,-5,0,25.708437,362.83334,0.17083445,95842.0,0.010074,140.25,289.62332,2.322664,"{""type"":""Point"",""coordinates"":[111.9231243044178,25.912041340222462]}"
2_0000000000000000051e,28,23,19,60,39,195,196,19,39,0,741,47,-620,-212,-32,31,-63,-35,-37,3,-17,-50,93,-17,-29,31,-17,28,0,34,-1059,-215,31,55,-51,-49,-28,5,10.780416,344.08334,0.13000111,89044.664,0.008503334,132.58333,286.53,1.596664,"{""type"":""Point"",""coordinates"":[108.53180404833114,30.37487020214901]}"
2_00000000000000000069,29,23,17,58,28,193,193,12,42,0,113,41,-4305,-50,-80,61,-4,-109,80,17,-16,3389,14,56,-83,-3,65,-18,-13,26,-5683,-11,-104,73,43,-168,89,22,6.8086333,391.33334,0.20416778,99128.664,0.013025667,152.5,294.32333,1.4333305,"{""type"":""Point"",""coordinates"":[109.75584512390625,22.76029966553532]}"
2_00000000000000000037,29,23,17,73,35,194,195,12,44,0,131,52,-1431,-45,-30,-126,-2,-11,63,7,-22,906,50,-8,91,37,27,-17,-4,36,-2439,-72,4,-142,-34,-91,56,10,13.3972435,394.33334,0.23666777,99604.664,0.013366668,160.25,295.07666,2.350664,"{""type"":""Point"",""coordinates"":[109.95122955476509,21.99493510162082]}"
2_0000000000000000038f,30,25,21,77,49,199,199,21,46,0,63,44,-36,-235,-24,-16,-84,-5,44,1,-13,195,103,-30,17,22,-3,-30,-1,28,-926,-188,-9,6,-74,1,6,4,3.2899795,370.16666,0.13916779,100898.0,0.010148667,145.08333,291.46332,2.4766638,"{""type"":""Point"",""coordinates"":[112.68175116664057,28.304072591130865]}"
2_0000000000000000019d,28,23,17,64,36,194,194,14,39,0,222,41,-151,-73,-27,0,-30,24,77,2,-18,739,43,-9,4,14,21,-55,-3,26,136,-101,-17,-31,-52,-27,62,0,4.139478,375.0,0.17833444,98360.0,0.011185667,146.0,291.78333,2.3179972,"{""type"":""Point"",""coordinates"":[111.6455452638408,25.176855972237675]}"
2_00000000000000000021,27,22,16,70,37,195,195,12,40,0,137,46,990,59,-37,-29,-69,109,-45,-1,-19,-1717,18,-59,21,21,-4,-7,5,31,-1418,93,-100,-30,36,163,-18,6,10.143893,395.08334,0.31583443,99442.0,0.013521,150.83333,294.8033,1.8626639,"{""type"":""Point"",""coordinates"":[108.1501986392783,21.85560603010485]}"
2_00000000000000000391,28,22,15,65,35,195,196,13,39,0,129,42,-449,-69,-41,35,-88,-33,-12,3,-20,1289,-3,-14,-46,35,17,-14,-5,26,-919,-44,-22,51,-112,-46,-45,4,16.28034,368.33334,0.16000111,100446.664,0.009947667,143.0,291.21,1.6073306,"{""type"":""Point"",""coordinates"":[113.31479190679404,28.5029618754177]}"
2_00000000000000000388,27,24,16,79,43,197,197,15,46,0,412,54,3385,-102,-51,-69,-109,-11,-36,-10,-19,-892,10,-14,-14,80,39,-5,2,33,1556,-123,13,-16,-98,-47,-32,-4,27.264196,363.91666,0.15416777,97752.0,0.009512333,133.5,289.70667,1.4053305,"{""type"":""Point"",""coordinates"":[109.90595630176944,28.363360798737475]}"
2_000000000000000009b9,31,25,20,72,38,202,202,15,46,0,78,44,1419,-138,-51,114,85,119,-176,-3,-22,-1304,55,58,-101,-100,-42,118,4,34,33,-128,-29,59,75,67,-114,1,2.9296098,341.25,0.057501115,100444.664,0.0077250004,154.16667,288.88333,1.9686639,"{""type"":""Point"",""coordinates"":[113.6365695570128,35.226581726047634]}"
2_00000000000000000023,37,31,25,28,10,193,194,5,29,0,3,13,-440,-41,-3,-11,35,23,3,2,-12,1864,75,-24,15,259,27,26,-7,9,-12,-34,-4,-13,10,8,7,0,8.1198845,401.83334,0.22750111,101358.664,0.014042667,161.83333,296.13666,3.250664,"{""type"":""Point"",""coordinates"":[109.52650909762647,21.667770857329494]}"
2_000000000000000002b2,29,23,16,49,27,192,193,11,35,0,321,46,-596,-293,-15,21,-60,-56,-62,3,-20,1469,61,0,-6,45,25,62,-6,33,-3182,-252,-30,14,-60,-40,-110,13,25.295187,368.0,0.13000111,98020.664,0.010141,142.83333,290.76666,1.4933306,"{""type"":""Point"",""coordinates"":[111.22270654734673,26.933692737183765]}"
2_00000000000000000048,30,25,20,68,41,194,194,16,42,0,142,44,794,-83,-10,62,-129,-99,38,-1,-17,738,11,-73,-41,133,-27,-60,-3,29,-1121,-51,1,96,-146,-115,14,5,2.0039463,395.41666,0.16916779,99672.664,0.012953334,148.91667,294.93665,1.5339972,"{""type"":""Point"",""coordinates"":[107.56215914695618,22.288415296554412]}"
2_00000000000000000792,29,24,20,72,41,200,200,18,42,0,150,41,1361,-172,-54,46,-49,7,-49,-3,-20,327,119,36,-21,2,15,42,-1,29,220,-168,-41,27,-45,-4,-9,0,1.8543341,350.75,0.084167786,99718.664,0.008283334,142.75,289.21664,1.8293306,"{""type"":""Point"",""coordinates"":[112.71436057264441,33.15632366625695]}"
2_0000000000000000004c,27,22,16,65,34,196,196,13,37,0,142,47,-704,-128,59,56,-242,5,67,4,-17,2296,12,7,-31,73,-48,-8,-9,33,-3277,-67,-7,17,-141,89,38,13,9.941027,390.91666,0.19000112,99692.664,0.013122,158.33333,294.43,1.6259972,"{""type"":""Point"",""coordinates"":[108.79536813429715,22.540122632819322]}"
2_0000000000000000009c,29,23,16,87,40,193,193,13,48,0,341,64,-1177,124,-9,-59,-96,49,-81,6,-22,876,-65,28,35,27,-31,98,-4,43,-1738,96,-1,-107,-73,39,-132,8,34.34312,377.75,0.17083445,96416.0,0.012009667,157.66667,292.65332,1.8953305,"{""type"":""Point"",""coordinates"":[111.82179123297826,23.33674995421954]}"
2_0000000000000000019a,33,28,23,34,18,194,194,9,28,0,117,16,2117,169,15,-107,30,225,14,-7,-20,-323,140,-41,-146,27,95,13,0,11,832,109,-8,-80,-54,148,-7,-2,6.2917356,377.91666,0.19833444,98676.664,0.010921334,146.25,292.52,2.0493305,"{""type"":""Point"",""coordinates"":[110.50180813913721,24.906286638516686]}"
2_000000000000000001d6,29,27,23,76,55,198,198,28,48,0,240,43,1653,-165,12,14,-139,-74,23,-4,-14,-955,61,-24,15,75,20,-13,3,31,-468,-157,-28,-19,-106,-32,2,3,0.0,365.5,0.18000111,96150.0,0.010524,142.75,290.07666,2.162664,"{""type"":""Point"",""coordinates"":[112.01178461066348,25.462523822125636]}"
2_0000000000000000052f,29,25,19,66,44,199,198,20,41,0,46,39,1035,-216,-40,13,-12,24,34,-2,-11,-432,106,15,-31,6,1,26,1,28,17,-186,-38,48,-35,-45,70,1,12.511656,363.91666,0.13750112,100939.336,0.010598667,149.83333,290.95667,2.4139972,"{""type"":""Point"",""coordinates"":[115.25542389896108,30.480782770370464]}"
2_0000000000000000015e,29,25,17,76,47,192,193,19,43,0,153,44,-1421,-197,-32,-113,-78,-33,-38,7,-16,1049,21,41,16,16,12,62,-4,24,214,-116,-23,-130,-63,1,-113,0,6.773627,386.33334,0.16500111,99018.0,0.012205,141.0,293.35666,1.5279973,"{""type"":""Point"",""coordinates"":[108.48086773699762,24.584776534361133]}"
2_00000000000000000109,29,23,19,38,28,191,191,15,30,0,426,32,1505,-117,46,-125,-124,5,-47,-4,-14,22,45,-61,13,18,32,-2,0,22,-1507,-58,69,-32,-41,-5,-24,6,20.442532,377.91666,0.16916779,97672.0,0.011651667,161.66667,293.24332,1.5473305,"{""type"":""Point"",""coordinates"":[115.88038028890469,24.26300334324342]}"
2_000000000000000004d3,27,23,16,65,46,194,194,20,41,0,1200,40,-1229,-221,-41,-16,-74,16,38,6,-16,-2140,10,-41,-12,24,-47,-86,7,23,-2701,-191,-23,30,-35,-13,47,11,3.2076101,345.41666,0.13583444,90646.0,0.009021667,128.91667,286.36667,1.2186639,"{""type"":""Point"",""coordinates"":[109.05785757690931,29.93936763866317]}"
2_0000000000000000067c,28,24,18,73,49,196,195,21,40,0,520,41,1432,-295,-16,37,-82,-44,62,-3,-20,-1026,90,1,-21,18,105,49,3,26,400,-242,-29,58,-68,21,66,0,35.520615,344.08334,0.09250112,94506.664,0.009478667,140.75,287.27667,1.4666638,"{""type"":""Point"",""coordinates"":[110.94458795554226,31.731774652712602]}"
2_000000000000000000c6,30,24,18,47,25,193,194,12,32,0,233,38,-167,-106,-40,-5,-82,29,-11,2,-12,3140,12,65,124,-41,-62,31,-12,26,-1064,-46,-26,-118,-2,77,-68,5,10.945966,391.66666,0.15416777,99901.336,0.012605667,151.83333,294.49332,1.4293306,"{""type"":""Point"",""coordinates"":[109.2747973022605,23.39846391279923]}"
2_00000000000000000053,33,27,21,55,38,193,193,17,39,0,177,35,163,-60,52,67,-34,-8,27,0,-14,1138,48,-3,-28,-2,2,-12,-4,23,573,-68,101,21,-44,3,3,-1,23.187904,396.91666,0.16750112,100218.0,0.013881334,156.58333,295.38,1.9493306,"{""type"":""Point"",""coordinates"":[111.54852414311993,22.70505140348313]}"
2_0000000000000000052e,32,31,24,84,54,201,201,27,48,0,27,39,-1714,-206,-8,-37,-94,31,12,7,-15,1089,82,69,28,23,-53,21,-4,29,-2797,-164,-17,-41,-57,-9,49,11,2.9808178,364.83334,0.13583446,101146.0,0.010555667,146.58333,290.89667,2.4046638,"{""type"":""Point"",""coordinates"":[114.9503545003896,30.519050775611134]}"
2_00000000000000000070,31,22,16,44,14,193,193,6,33,0,123,44,2175,46,129,-31,-112,-74,23,-6,-26,-824,-14,-113,19,123,-47,-49,1,29,2734,27,190,-33,-137,-70,16,-8,16.685411,394.58334,0.19083445,100810.0,0.0126266675,160.16667,295.7033,2.1979973,"{""type"":""Point"",""coordinates"":[112.53541238826858,22.888039533413387]}"
2_00000000000000000687,30,26,25,45,24,198,197,13,35,0,59,20,810,-189,52,0,-98,49,-26,-2,-9,-302,187,-34,3,-38,-32,67,0,16,-586,-175,44,-8,-78,39,-3,2,0.92740995,350.41666,0.101667784,100734.664,0.009526334,151.25,289.08664,1.7239972,"{""type"":""Point"",""coordinates"":[115.80384427842333,31.90371313023242]}"
2_00000000000000000025,30,26,19,72,42,194,194,16,43,0,130,50,-563,-28,-50,-36,-126,-63,-25,3,-17,-139,43,19,-24,61,8,77,0,38,-1725,-45,-59,-50,-168,-71,-49,7,20.150461,394.33334,0.23666777,99604.664,0.013366668,160.25,295.07666,2.350664,"{""type"":""Point"",""coordinates"":[109.9943490619519,21.93133494329552]}"
2_00000000000000000126,28,23,16,47,17,191,191,6,35,0,467,44,1971,-125,-40,44,-114,-90,-95,-5,-15,2044,44,-7,0,57,49,84,-8,28,-620,-121,-70,45,-81,-110,-159,3,32.50847,373.58334,0.120001115,94036.0,0.010842,150.58333,291.96,1.5013305,"{""type"":""Point"",""coordinates"":[106.72618917696141,24.023692307907094]}"
2_00000000000000000248,30,27,25,57,48,198,198,25,39,0,84,28,35,-165,-10,41,-46,-34,0,0,-6,-683,93,-3,-30,43,12,9,2,24,-1119,-156,-14,12,-42,8,22,5,6.188593,368.66666,0.16000111,97534.664,0.010098,136.91667,290.59332,2.4213307,"{""type"":""Point"",""coordinates"":[112.67501346494879,26.18692262466213]}"
2_0000000000000000000e,27,24,17,71,41,196,196,18,41,0,125,54,-1994,-56,-61,9,-33,6,-56,9,-19,1039,27,35,10,25,-18,1,-4,35,-1364,-121,-82,19,-25,2,-39,6,11.642083,411.08334,0.24583444,100064.664,0.015483667,170.16667,297.39667,2.346664,"{""type"":""Point"",""coordinates"":[110.51959549323941,19.467075173523405]}"
2_0000000000000000038b,25,21,14,63,36,194,194,15,35,0,566,50,-1491,-169,-42,-11,13,-11,-35,7,-19,1063,76,0,-3,22,-9,4,-4,32,-3265,-207,-6,-51,17,-19,-15,13,0.0,362.33334,0.16916777,98309.336,0.009969667,141.16667,289.72333,1.3893305,"{""type"":""Point"",""coordinates"":[111.10844208285219,28.18010512274401]}"
2_00000000000000000401,29,24,18,62,36,195,195,19,38,0,648,39,527,-197,-14,-47,-116,-24,56,0,-18,-1663,61,-11,1,47,-56,-72,5,28,-432,-183,-9,-19,-101,-38,51,2,11.111087,354.0,0.15416779,95907.336,0.009066334,136.83333,288.35666,1.6859972,"{""type"":""Point"",""coordinates"":[110.76133227954881,29.140854117517346]}"
2_00000000000000000573,25,20,13,65,39,196,196,15,42,0,468,40,536,-205,35,68,0,-68,88,0,-17,-632,64,20,-29,11,22,-27,1,25,493,-177,24,68,6,-58,82,0,31.384336,358.0,0.12833445,96596.664,0.009521667,131.25,289.08667,1.300664,"{""type"":""Point"",""coordinates"":[111.17689374312364,30.786926812295842]}"
2_0000000000000000067e,33,30,27,56,43,199,199,24,40,0,79,31,732,-263,45,25,-65,62,-117,-1,-16,-324,105,-44,-35,13,-10,80,0,19,526,-168,-6,40,-30,5,-44,-1,2.3768795,358.5,0.076667786,100231.336,0.009719334,137.25,289.59,1.8653306,"{""type"":""Point"",""coordinates"":[111.86706894507493,32.107721462528616]}"
2_0000000000000000057d,29,23,19,58,37,196,196,17,37,0,211,34,154,-185,-10,27,-49,0,15,0,-13,1319,81,20,-4,23,18,7,-5,28,-1044,-132,-29,45,-36,-44,73,5,16.42964,342.5,0.13583446,97163.336,0.009167334,162.25,288.32666,2.0539973,"{""type"":""Point"",""coordinates"":[115.48395282795019,30.9028099304728]}"
2_00000000000000000192,28,24,22,52,51,194,194,28,37,0,1035,34,-1323,-105,-71,-13,-53,-21,40,6,-9,1367,162,-10,7,84,-85,108,-5,20,-369,25,-227,122,-139,118,-90,2,13.609681,364.41666,0.15416779,91133.336,0.010523667,133.75,289.62,1.1659973,"{""type"":""Point"",""coordinates"":[107.05982357688129,24.777735214246896]}"
2_000000000000000000d2,27,22,15,71,39,194,194,12,41,0,248,51,-539,-17,-83,40,-53,4,-73,3,-16,97,-13,33,-34,61,-10,32,-1,32,-472,26,-66,50,-106,18,-75,3,18.163597,378.08334,0.22750111,98387.336,0.011204001,156.91667,293.28333,2.1559973,"{""type"":""Point"",""coordinates"":[113.95915430452224,23.831001174084534]}"
2_0000000000000000004a,29,25,22,67,44,195,195,23,41,0,197,41,-1394,-55,32,28,-53,-16,48,6,-14,1102,65,10,-7,50,45,21,-4,31,-2532,-16,21,15,-50,-6,54,10,5.0396795,392.75,0.17083444,99624.664,0.013046334,152.91667,294.56665,1.698664,"{""type"":""Point"",""coordinates"":[108.03728082330188,22.373035657245655]}"
2_00000000000000000136,27,20,14,40,21,191,190,10,28,0,524,41,2688,-43,0,-7,-62,0,15,-8,-16,-1555,-70,-12,-21,76,3,19,5,28,2638,94,-41,8,-71,-24,-29,-8,17.579971,381.25,0.20916778,100630.0,0.011687667,154.5,293.38333,2.478664,"{""type"":""Point"",""coordinates"":[113.28110785743633,24.39694136158578]}"
2_0000000000000000000c,27,21,13,92,32,194,194,11,47,0,364,68,1524,-81,15,-106,-118,-69,-2,-3,-32,3838,47,0,99,85,-1,41,-15,49,-1921,-85,59,-152,-91,-27,-14,9,17.155174,394.5,0.29083443,96281.336,0.014465667,175.91667,295.16333,1.9759972,"{""type"":""Point"",""coordinates"":[109.95446240302883,19.281126200493656]}"
2_00000000000000000157,26,23,17,73,48,194,194,20,44,0,1194,34,448,-97,-66,40,-132,-100,53,0,-14,-525,89,-5,7,50,54,-47,1,22,-70,-425,145,-112,-62,-137,32,2,23.01379,351.5,0.11500111,86900.0,0.009600334,152.08333,288.76666,1.2946639,"{""type"":""Point"",""coordinates"":[105.63958651405561,24.56321678076772]}"
2_00000000000000000092,29,23,19,68,29,199,199,13,40,0,138,45,2498,-78,-31,-6,-130,64,53,-7,-22,591,8,34,19,77,-95,-35,-3,30,1785,-54,-54,1,-126,107,19,-5,3.1651092,392.5,0.15083444,99681.336,0.013140334,150.91667,294.47998,1.6066638,"{""type"":""Point"",""coordinates"":[108.23859139946074,23.299828597497008]}"
2_0000000000000000016a,24,20,14,49,31,190,190,13,31,0,689,37,-2157,-33,4,75,-2,1,-30,9,-17,864,76,-57,-27,97,-75,78,-4,25,-1744,60,-14,65,-7,3,-78,7,9.566879,337.41666,0.20000112,88904.664,0.0086923335,148.25,285.88666,2.1773305,"{""type"":""Point"",""coordinates"":[113.00056351465878,24.740006760233687]}"
2_00000000000000000578,29,25,18,82,43,199,199,17,45,0,56,35,66,-200,46,10,-68,37,-64,1,-11,-554,144,-3,-26,2,0,18,1,25,182,-154,38,12,-34,8,-53,0,1.8543341,357.83334,0.11166778,100576.664,0.009863667,147.91667,289.91,2.0839972,"{""type"":""Point"",""coordinates"":[113.36330246715448,30.999826592092617]}"
2_00000000000000000529,33,31,28,72,48,200,200,24,49,0,30,48,-905,-45,-9,49,39,108,-219,5,-26,-609,-38,30,-36,-73,-60,133,1,34,-1044,-45,-20,42,55,49,-186,5,1.4198807,361.83334,0.11083445,100997.336,0.010387667,149.5,290.34665,2.414664,"{""type"":""Point"",""coordinates"":[112.73456921861863,30.412866202225423]}"
2_000000000000000000c1,29,22,16,52,28,192,193,11,34,0,355,40,-535,15,-63,53,-132,47,-43,3,-17,1361,-21,22,-22,84,-31,20,-5,28,-1396,50,-77,65,-115,28,-24,6,0.92740995,384.75,0.14500111,96801.336,0.011641334,150.58333,293.66998,1.5586638,"{""type"":""Point"",""coordinates"":[107.34279367063189,23.286892745340964]}"
2_0000000000000000001c,30,26,20,74,42,197,196,17,44,0,19,46,-1229,-89,-26,-39,-207,-25,-76,6,-14,1486,48,39,36,103,15,63,-6,29,-1280,-87,-27,-80,-188,-83,-81,5,0.9954349,402.08334,0.22250111,101196.0,0.014359,167.08333,296.38666,2.9653306,"{""type"":""Point"",""coordinates"":[110.33795401182728,21.30637855335192]}"
2_00000000000000000358,31,27,23,63,35,193,194,16,42,0,57,38,-2194,-277,-6,92,-18,-63,58,9,-17,-999,176,40,-4,-1,2,13,3,28,-2374,-191,28,49,-56,0,15,9,1.4005429,374.75,0.16833444,100734.664,0.011508667,141.66667,291.72665,3.6579974,"{""type"":""Point"",""coordinates"":[112.70034561803344,27.93244219113457]}"
2_000000000000000000f9,33,28,24,63,48,196,197,22,44,0,69,44,-53,-171,39,-36,-193,-78,-16,1,-14,356,56,-51,87,131,-60,23,-1,27,-465,-73,45,-87,-109,-63,-71,2,2.2301478,389.58334,0.15583445,99667.336,0.011995333,146.33333,294.14667,1.4379972,"{""type"":""Point"",""coordinates"":[109.4033487265303,23.92640364112301]}"
2_00000000000000000577,30,27,26,66,56,201,200,31,43,0,73,31,-110,-123,-13,-17,-114,10,-22,1,-8,-306,110,9,-20,66,-25,-15,0,24,-587,-108,-8,-21,-66,-7,-29,3,6.553095,353.91666,0.10333445,99177.336,0.009502334,148.5,289.33,2.1973305,"{""type"":""Point"",""coordinates"":[113.05931217103792,30.910087183392022]}"
2_0000000000000000016c,29,23,16,58,44,194,194,20,34,0,216,43,-133,-136,26,23,38,-84,16,2,-15,271,43,0,-32,4,11,4,-1,32,-809,-95,42,4,-14,-73,-40,4,22.497126,372.41666,0.19833444,98846.0,0.010904334,156.08333,292.11667,2.488664,"{""type"":""Point"",""coordinates"":[113.69451111610128,24.61442063816444]}"
2_000000000000000001d7,26,21,16,48,35,187,187,16,29,0,638,38,1147,-137,75,-32,-20,-121,71,-2,-19,896,124,-102,104,4,17,-45,-4,23,1321,-23,-10,19,16,-132,-10,-3,28.115427,361.08334,0.18416777,95154.664,0.010172,141.83333,289.3633,2.0219972,"{""type"":""Point"",""coordinates"":[112.11123148235743,25.402696063291547]}"
2_00000000000000000576,33,27,25,63,54,200,199,25,46,0,68,39,131,-177,80,-60,-81,77,-28,0,-14,816,20,-71,24,-8,-86,-22,-3,31,-1236,-158,36,-43,-41,32,-27,5,3.7047918,361.66666,0.10333445,100604.664,0.010378334,146.5,290.18332,2.0453305,"{""type"":""Point"",""coordinates"":[112.26160574718278,30.704192651350212]}"
2_000000000000000001d4,25,23,20,59,59,195,195,31,39,0,1216,41,1152,-160,149,-38,-10,30,116,-2,-10,998,76,-65,-81,67,5,20,-4,26,441,-134,104,-72,-12,-27,141,0,20.855183,339.75,0.19083445,88746.0,0.008222334,145.91667,286.33,2.4053307,"{""type"":""Point"",""coordinates"":[110.90308710203784,25.359844102167933]}"
2_000000000000000000ca,28,24,22,54,47,199,199,26,35,0,132,32,-1342,-84,-33,-10,-76,-14,-42,6,-7,89,10,-25,-1,36,-3,5,0,23,-2789,-126,-41,3,-74,-65,-36,11,19.813803,393.5,0.20416778,100937.336,0.012905001,153.25,294.82333,1.6666639,"{""type"":""Point"",""coordinates"":[110.65461261403668,23.56042738126249]}"
2_000000000000000003c6,28,24,18,63,34,198,197,13,40,0,86,41,2198,-148,-27,-74,-51,19,26,-6,-18,-891,132,11,-7,25,32,10,2,28,1348,-199,-14,-37,-42,-9,-9,-3,12.997287,365.33334,0.15250112,100375.336,0.009765,138.5,290.36667,2.3579972,"{""type"":""Point"",""coordinates"":[111.8169397310321,28.742272910754036]}"
2_0000000000000000095d,45,47,53,74,80,203,203,62,62,0,113,18,623,-147,71,-17,-98,57,-72,-1,-2,-953,59,-49,6,30,-62,17,3,13,363,-130,58,-41,-73,24,-50,0,6.8420672,341.75,0.06750111,100104.0,0.007760334,155.33333,289.14667,2.276664,"{""type"":""Point"",""coordinates"":[113.0930006794967,34.86222411986953]}"
2_00000000000000000013,27,22,14,82,46,195,196,16,45,0,38,57,5615,-46,18,-162,279,39,56,-18,-23,1122,120,49,-15,56,2,-45,-5,43,6408,-138,81,-148,229,-86,150,-21,3.9344368,412.0,0.24583445,101126.0,0.015233668,166.66667,297.49667,2.9193306,"{""type"":""Point"",""coordinates"":[110.71767322113453,19.70099961478717]}"
2_0000000000000000008d,28,25,21,58,47,193,194,20,39,0,934,31,3215,-158,86,-2,12,-115,145,-10,-11,-1309,60,-75,37,10,7,-57,4,19,4538,-108,57,32,-32,-56,88,-15,13.706051,375.66666,0.16416778,91528.0,0.011700667,139.83333,291.69998,1.5139972,"{""type"":""Point"",""coordinates"":[106.12817913468378,23.182059279574446]}"
2_00000000000000000125,28,23,18,55,38,197,197,16,37,0,273,37,-1232,-256,76,-56,-122,-52,25,6,-11,-248,31,-33,-43,90,-6,18,0,28,-466,-211,9,0,-142,-17,-37,3,15.706234,395.33334,0.11166778,98815.336,0.012799334,150.33333,295.15332,1.476664,"{""type"":""Point"",""coordinates"":[106.34512331913604,24.06681181509391]}"
2_0000000000000000078f,27,23,19,64,39,197,197,19,40,0,305,33,1777,-266,-28,110,-24,-73,55,-5,-15,188,129,-24,-34,8,31,-27,-1,22,203,-196,-43,130,14,-60,45,0,12.742744,344.75,0.084167786,97757.336,0.008391667,145.58333,288.21332,1.3446639,"{""type"":""Point"",""coordinates"":[111.64904565816775,32.98249898899152]}"
2_00000000000000000052,28,25,20,73,44,195,195,19,45,0,241,42,1174,-141,15,-15,-41,-138,87,-2,-13,-198,83,-13,12,45,45,-64,0,28,837,-135,61,-47,-77,-112,80,-1,8.031861,385.25,0.20916778,97332.664,0.01281,162.75,293.99332,1.7233306,"{""type"":""Point"",""coordinates"":[111.05022851859945,22.504280378551726]}"
2_00000000000000000049,27,21,15,75,35,191,191,12,45,0,251,51,2483,-55,-57,49,-53,-99,-74,-7,-22,1888,-3,0,-86,10,58,-19,-8,32,-357,-32,-13,77,-66,-150,-68,2,9.24781,395.41666,0.16916779,99672.664,0.012953334,148.91667,294.93665,1.5339972,"{""type"":""Point"",""coordinates"":[107.58587710545945,22.346356855642888]}"
2_00000000000000000686,33,27,25,40,32,197,197,15,34,0,58,24,481,-194,56,6,-66,54,-88,0,-14,280,91,-49,21,1,-31,10,-1,19,-993,-145,34,1,-39,27,-57,4,2.1910405,351.58334,0.08500111,100884.664,0.008813,147.0,289.38666,2.008664,"{""type"":""Point"",""coordinates"":[115.25030039185067,32.19826796851989]}"
2_0000000000000000020f,24,20,15,72,42,195,195,16,40,0,507,53,152,-204,68,-22,-21,-53,50,1,-16,787,76,12,7,20,32,0,-3,36,-789,-127,-56,-1,6,-49,36,4,39.070023,354.41666,0.17083445,93630.664,0.0094800005,138.66667,288.20667,2.4019973,"{""type"":""Point"",""coordinates"":[112.0664933214882,25.982914292365926]}"
2_0000000000000000052a,35,30,29,55,41,200,199,18,46,0,25,28,1052,-143,-15,71,-134,144,-76,-2,-15,-727,101,-3,-59,-8,-66,41,2,19,1257,-115,18,33,-112,99,-71,-3,1.4200963,359.58334,0.12833445,101026.664,0.010267334,150.5,290.08667,2.2279973,"{""type"":""Point"",""coordinates"":[113.46166577729247,30.438737906537522]}"
2_00000000000000000794,31,27,24,66,58,201,201,32,45,0,314,30,913,-185,-15,28,-112,-21,33,-2,-6,-761,113,31,-31,86,12,2,2,24,711,-168,-1,21,-91,-5,7,-1,2.2141683,340.0,0.07583445,97494.0,0.007940333,143.75,287.46332,1.4319972,"{""type"":""Point"",""coordinates"":[113.68238236123591,33.137457209699825]}"
2_0000000000000000067f,31,29,25,60,40,200,199,20,47,0,95,39,1467,-202,7,-2,64,102,-162,-4,-17,-661,138,1,2,-83,-64,100,1,27,959,-180,-5,-26,68,45,-117,-2,2.8654563,356.66666,0.075834446,100010.664,0.009260334,145.41667,289.9233,1.8779972,"{""type"":""Point"",""coordinates"":[112.41117737381852,31.991026787959942]}"
2_00000000000000000079,31,26,24,37,42,193,193,24,32,0,156,19,-153,-71,12,0,-22,-11,25,1,-3,406,57,-48,25,32,-19,-9,-1,13,-262,-29,3,-11,-25,-17,27,1,15.3223,392.16666,0.20916778,101172.0,0.013658334,178.33333,295.64667,2.2613306,"{""type"":""Point"",""coordinates"":[115.79656702550415,22.844920026226568]}"
2_000000000000000000a6,26,21,16,73,41,194,195,15,43,0,385,50,738,-90,25,3,-103,-48,-40,0,-20,1313,52,-20,6,43,24,-7,-5,32,-1759,1,9,-33,-87,-54,-39,8,16.687868,390.83334,0.20000112,100681.336,0.013254,169.08333,295.24667,2.050664,"{""type"":""Point"",""coordinates"":[115.9073310956717,23.268298293948092]}"
2_000000000000000008aa,34,30,26,67,49,191,191,27,47,0,49,42,98,-34,9,132,55,38,-183,1,-21,-807,-44,2,-28,-53,45,100,2,29,738,-10,8,78,40,-16,-123,-1,4.7597456,345.25,0.076667786,100760.0,0.0083466675,145.5,288.54,1.6259972,"{""type"":""Point"",""coordinates"":[114.9640974498363,34.07503225629841]}"
2_0000000000000000019b,24,20,14,59,31,196,196,12,36,0,405,45,430,-87,26,-12,-59,-46,-40,0,-16,-1151,2,-59,17,3,32,-22,3,33,710,-146,62,-25,-40,-131,-10,-1,19.693056,379.16666,0.2000011,99185.336,0.011058667,147.25,292.70667,2.2366638,"{""type"":""Point"",""coordinates"":[110.79151593457958,24.897390731915063]}"
2_000000000000000000f8,31,27,22,68,44,195,196,18,45,0,92,48,1727,-169,-97,76,-118,-101,-63,-4,-15,-480,90,17,-28,108,57,19,1,31,0,-74,-54,-38,-65,-45,-68,1,1.0138158,391.83334,0.15083444,100283.336,0.0123373335,148.58333,294.50665,1.4113306,"{""type"":""Point"",""coordinates"":[109.25027670556761,23.828847428275722]}"
2_0000000000000000057b,30,27,27,71,60,199,199,29,45,0,62,24,108,-184,32,-41,-114,21,1,0,-5,2106,110,30,-48,23,-45,-10,-8,18,-406,-166,51,-52,-95,17,-8,2,2.7802885,357.16666,0.13250113,100740.664,0.009825001,152.33333,290.11,2.1813307,"{""type"":""Point"",""coordinates"":[114.52239673588616,31.067471155073388]}"
2_00000000000000000057,40,31,24,47,28,194,194,14,42,0,5,25,2901,19,-110,92,55,5,-66,-9,-12,-1379,20,4,-31,0,-22,67,4,16,1850,30,-102,84,89,-17,-54,-6,1.3680272,395.83334,0.20916778,101370.0,0.013679334,167.16667,295.85333,3.064664,"{""type"":""Point"",""coordinates"":[113.23313684830335,22.781319867901267]}"
2_00000000000000000004,27,23,18,65,50,198,198,23,41,0,86,47,-1207,-73,2,-24,-12,-42,92,6,-13,1784,21,-28,19,12,11,-120,-7,40,699,-107,44,-4,-67,-72,20,0,4.1887064,399.83334,0.15583445,98851.336,0.015315333,197.16667,296.73666,4.208664,"{""type"":""Point"",""coordinates"":[108.787011778923,18.896015938012805]}"
2_000000000000000002b1,30,24,17,51,27,194,194,12,37,0,357,42,-870,-208,14,21,-45,-20,-24,4,-17,1856,61,7,-37,66,14,75,-7,28,-2739,-237,-37,-10,-38,-14,-78,11,11.178831,368.0,0.13000111,98020.664,0.010141,142.83333,290.76666,1.4933306,"{""type"":""Point"",""coordinates"":[111.21246399222699,26.98274284877167]}"
2_00000000000000000247,28,22,17,63,46,194,194,22,38,0,365,40,-664,37,-67,78,-87,-6,-13,3,-11,-109,65,-16,-40,5,48,-39,0,25,-2735,42,-74,86,-33,26,54,11,41.651638,359.91666,0.16500111,95252.0,0.009819333,137.83333,289.08667,2.5386639,"{""type"":""Point"",""coordinates"":[112.1578513838712,26.16806062720605]}"
2_000000000000000001a0,28,24,20,50,45,191,192,22,33,0,662,35,712,-307,110,-10,-99,-87,53,-1,-7,-324,155,-125,18,92,58,-51,0,26,-924,-271,119,-62,-38,-68,-9,4,3.842912,360.58334,0.18333445,95385.336,0.010050334,141.58333,289.33,1.8633306,"{""type"":""Point"",""coordinates"":[112.52086234153117,25.07337361409036]}"
2_00000000000000000134,28,21,15,48,22,189,189,8,33,0,368,43,-439,-218,-2,47,-59,-34,36,3,-20,1968,93,10,-38,52,77,70,-8,31,-3075,-196,-33,-3,-4,4,-84,13,14.010477,365.41666,0.20000112,95182.0,0.010947,144.91667,290.26334,2.2006638,"{""type"":""Point"",""coordinates"":[112.28478415445859,24.471319167157255]}"
2_0000000000000000057a,29,27,20,78,45,200,200,18,46,0,37,34,1573,-204,40,-63,-129,11,-43,-4,-12,-872,140,-8,-11,14,-16,19,2,24,792,-178,64,-68,-103,24,-71,-1,1.4247324,358.58334,0.13750112,100958.664,0.0101913335,148.33333,289.94,2.0726638,"{""type"":""Point"",""coordinates"":[114.16127643707284,30.98554409141843]}"
2_00000000000000000098,30,25,18,67,37,195,195,17,44,0,41,43,-467,-75,-51,-43,-98,-25,122,3,-21,-364,65,11,46,53,45,-27,0,32,-1600,-129,-40,-32,-92,-73,77,7,2.1112077,395.91666,0.2150011,100762.0,0.013225334,150.83333,295.03998,1.4579972,"{""type"":""Point"",""coordinates"":[110.45006473051302,23.331626447109134]}"
2_000000000000000000cb,28,20,14,63,27,193,193,9,35,0,120,48,-3833,-95,-87,26,-34,-66,-65,16,-29,4685,32,96,-31,37,28,38,-18,32,-5074,-93,-95,-5,-38,-102,-41,20,15.884736,384.66666,0.19083445,99180.664,0.012341667,158.66667,293.70334,2.0793307,"{""type"":""Point"",""coordinates"":[111.10790253162473,23.636156294453162]}"
2_00000000000000000447,33,28,23,52,29,193,194,13,39,0,32,35,1703,-153,-49,30,-44,-19,-24,-5,-20,-2127,119,-1,-41,26,-30,35,7,27,1821,-157,-30,57,-39,-12,-43,-5,3.7047918,366.25,0.13750112,101012.0,0.010196,146.41667,290.9,2.950664,"{""type"":""Point"",""coordinates"":[112.72379157137246,29.315218346010248]}"
2_00000000000000000280,30,27,20,66,47,195,195,20,41,0,74,39,-997,-188,-58,-22,-45,59,-25,5,-15,-344,130,-11,-42,16,13,10,0,32,-2279,-177,-35,-30,-11,42,-9,9,2.7815323,381.75,0.15416779,100260.664,0.011596334,142.16667,292.87332,3.7353308,"{""type"":""Point"",""coordinates"":[112.93965665336977,26.657192799061693]}"
2_00000000000000000161,31,23,16,52,26,192,192,11,35,0,297,36,1159,-125,57,-71,-107,40,-23,-3,-12,-850,89,-42,58,61,3,34,2,21,275,-52,27,-172,-97,114,-107,0,33.558773,377.75,0.16500111,97466.664,0.010730667,141.41667,292.27335,1.5759972,"{""type"":""Point"",""coordinates"":[109.42706222593252,24.64864869785069]}"
2_000000000000000000ff,29,22,15,47,27,188,188,11,33,0,241,48,1330,-21,-1,6,-41,9,52,-3,-21,-151,-40,2,-6,46,31,33,0,37,802,13,-57,15,-32,-12,-29,-1,16.849014,390.83334,0.18333445,100620.664,0.013042667,151.91667,294.39667,2.0713305,"{""type"":""Point"",""coordinates"":[111.91018845226176,23.85903108330649]}"
2_0000000000000000010a,27,20,14,45,19,191,191,7,28,0,303,40,1411,-87,-62,67,-66,-3,-42,-3,-19,-547,13,74,-33,89,2,51,1,27,1992,-72,-111,70,-137,-11,-43,-6,17.202635,380.58334,0.18000111,98119.336,0.011689333,164.91667,293.82,1.7366639,"{""type"":""Point"",""coordinates"":[116.30537275120754,23.982186995301614]}"
2_000000000000000003ff,30,22,16,59,33,193,193,13,35,0,806,42,2509,-175,-46,-35,-30,-121,19,-7,-19,-1218,121,-2,-38,30,13,-25,3,29,998,-184,-6,7,-60,-129,41,-2,37.040615,363.25,0.1525011,97746.0,0.0096906675,132.0,289.52,1.4333305,"{""type"":""Point"",""coordinates"":[110.22261044487779,28.870012778632102]}"
2_000000000000000005c9,29,28,26,83,56,198,198,32,44,0,861,38,511,-145,-20,2,-92,-41,11,0,-13,-1399,69,-9,4,32,5,-1,4,23,-210,-163,-24,25,-83,30,44,1,14.234352,346.0,0.11083445,92518.664,0.009116667,136.75,287.39334,1.3493305,"{""type"":""Point"",""coordinates"":[110.59370575274768,31.14238851187233]}"
2_00000000000000000390,32,28,26,48,36,196,195,21,39,0,57,27,-338,-82,-19,0,-19,-6,5,2,-12,39,1,-29,-12,-9,-36,-21,0,18,-366,-56,0,4,-52,-27,-21,2,9.024885,369.08334,0.15583445,100674.0,0.010141667,147.75,291.47665,1.790664,"{""type"":""Point"",""coordinates"":[113.14501163418412,28.335602894679777]}"
2_0000000000000000000a,21,17,10,76,36,193,193,14,43,0,920,49,-134,-111,-70,19,-19,27,11,2,-20,-833,15,69,16,40,4,21,2,32,480,-41,-143,-73,-76,17,-30,0,45.444603,362.33334,0.21833444,89265.336,0.012291,190.0,291.01,3.408664,"{""type"":""Point"",""coordinates"":[109.2244050012555,19.088167520607893]}"
2_0000000000000000084c,35,30,27,62,42,200,199,22,48,0,49,48,512,0,-30,180,68,103,-245,0,-21,-1448,-44,47,-133,-137,11,148,4,33,722,50,-13,102,57,5,-175,-1,0.92740995,347.41666,0.076667786,100778.0,0.008639667,144.08333,288.65668,1.3959973,"{""type"":""Point"",""coordinates"":[114.67466165955817,33.75109640116977]}"
2_00000000000000000574,41,37,35,47,51,202,202,39,39,0,258,21,-1876,-85,18,17,51,-17,-11,7,-7,-1232,24,6,5,15,14,4,4,13,-1395,-62,10,7,27,-9,-7,5,11.276491,355.25,0.12083445,97161.336,0.0092980005,134.25,288.8,1.3599972,"{""type"":""Point"",""coordinates"":[111.41485367084077,30.865621027687048]}"
2_00000000000000000623,27,21,16,41,30,186,186,13,35,0,880,36,-776,-313,51,-15,-69,-78,75,4,-17,-310,73,-23,-16,29,-12,-34,0,24,-132,-276,9,-15,-102,-35,83,1,26.664923,334.5,0.10250112,92142.0,0.008625334,137.0,285.37,1.7373306,"{""type"":""Point"",""coordinates"":[111.64230795647599,31.611579583816965]}"
2_000000000000000000fc,27,23,16,73,37,195,195,13,44,0,199,55,-473,3,0,37,-75,-25,100,3,-24,268,-18,-17,-7,48,4,-22,-1,42,610,-8,13,16,-76,-48,75,0,22.108932,386.75,0.20416778,99665.336,0.012259334,150.58333,293.71332,1.7353306,"{""type"":""Point"",""coordinates"":[110.59316620152019,23.85310047890541]}"
2_000000000000000003c4,28,25,21,65,49,200,200,28,42,0,337,42,-734,-188,-25,-42,-93,-55,39,4,-18,-2928,86,-31,-10,-1,-81,-44,10,28,-1272,-183,-1,-25,-45,-96,79,5,30.658592,364.91666,0.17083444,99530.664,0.009879667,139.08333,290.14667,1.6513306,"{""type"":""Point"",""coordinates"":[110.83382388537467,28.674895893836467]}"
2_00000000000000000063,30,26,20,74,49,197,197,21,45,0,159,39,-248,-142,64,-22,-179,-2,11,2,-6,-1391,145,-73,52,127,2,9,4,31,-427,-119,46,-22,-199,31,-79,2,2.108956,394.25,0.1525011,99500.0,0.012579001,149.83333,294.90665,1.5226638,"{""type"":""Point"",""coordinates"":[107.44520138542535,22.69939280424631]}"
2_000000000000000001d3,22,20,13,65,50,191,190,21,41,0,1293,49,228,-80,58,-42,-30,-35,151,1,-14,-1898,31,-77,-35,4,7,-60,6,31,-122,-72,73,-93,-15,-123,141,2,28.231037,339.75,0.19083445,88746.0,0.008222334,145.91667,286.33,2.4053307,"{""type"":""Point"",""coordinates"":[110.88422064548072,25.359304550940465]}"
2_00000000000000000072,42,37,29,22,8,193,193,5,29,0,0,14,1115,-59,-110,-41,18,83,-163,-4,-16,1887,37,-36,-95,-41,77,-42,-8,9,845,-17,-69,-58,-7,72,-106,-3,2.109697,395.16666,0.2000011,101300.0,0.013470001,160.75,295.54666,2.6219974,"{""type"":""Point"",""coordinates"":[113.0601192683286,22.910406384297474]}"
2_00000000000000000243,24,20,13,53,34,192,192,13,34,0,528,44,-843,-152,-38,-19,-72,-27,-32,4,-12,1154,77,85,-2,16,29,76,-4,31,-2633,-284,-12,-45,-23,-59,-35,11,25.35606,328.75,0.16500111,85912.0,0.0075043337,140.5,284.09665,2.0399973,"{""type"":""Point"",""coordinates"":[110.68991531707681,26.102569810034094]}"
2_000000000000000004e0,37,32,28,31,19,193,193,10,36,0,24,13,-554,-141,79,-26,0,-41,35,2,-14,-323,36,9,-18,71,-19,24,0,10,-1024,-110,37,-8,2,-18,24,4,4.900557,364.08334,0.15083444,101102.0,0.0107143335,146.25,290.56665,2.1586637,"{""type"":""Point"",""coordinates"":[114.4178352752839,30.22125862995886]}"
2_000000000000000008ab,43,40,44,57,70,201,201,51,49,0,51,45,1569,-50,29,155,74,96,-202,-4,-20,-1505,-49,-15,-23,-113,31,123,4,31,638,-35,14,104,60,56,-136,-1,0.92740995,343.58334,0.08083445,100747.336,0.008162334,146.33333,288.37,1.8199972,"{""type"":""Point"",""coordinates"":[115.2012547393638,34.25289687911825]}"
2_0000000000000000027f,31,26,23,51,47,195,195,26,36,0,93,24,-348,-228,33,11,20,-115,52,2,-7,-728,104,13,-64,48,6,4,2,22,-1889,-189,28,-21,51,-81,28,8,4.984171,375.83334,0.12833445,100342.0,0.010649,140.75,291.94666,3.8146641,"{""type"":""Point"",""coordinates"":[112.43785617542127,26.634553943013344]}"
2_00000000000000000523,31,30,26,82,62,201,202,36,52,0,802,36,-110,-185,55,-7,-47,-10,22,1,-11,-1221,59,-29,-44,20,6,-26,4,25,-734,-171,50,-14,-67,19,25,3,23.352121,357.91666,0.1375011,94639.336,0.009881,131.16667,288.91666,1.3186638,"{""type"":""Point"",""coordinates"":[110.43686133229376,30.41798970933584]}"
2_000000000000000009bb,29,25,21,73,41,198,198,17,44,0,69,43,1086,-129,-57,141,33,89,-184,-2,-21,-679,47,78,-141,-45,-48,110,1,34,-28,-117,-55,85,30,81,-142,1,2.1733744,341.91666,0.054167785,100547.336,0.007941,145.66667,288.12332,2.0993307,"{""type"":""Point"",""coordinates"":[114.32889850477292,35.162709562558085]}"
2_0000000000000000024a,27,19,13,37,18,191,191,7,30,0,510,38,-932,-229,-14,39,56,-83,-3,4,-24,1354,16,-13,-64,46,39,-40,-6,30,-1848,-201,-1,30,1,-96,53,8,17.222464,372.58334,0.18166779,96352.664,0.010869,138.25,291.29,1.8066639,"{""type"":""Point"",""coordinates"":[113.37408011440067,26.145961322385176]}"
2_000000000000000008fe,30,26,25,46,51,195,195,30,34,0,491,24,345,-238,4,48,-64,15,26,0,-14,580,21,-12,1,19,-5,-39,-2,17,98,-186,1,31,-16,-20,38,0,18.675762,321.66666,0.06666778,93546.0,0.0068856673,155.5,285.63,1.5353305,"{""type"":""Point"",""coordinates"":[111.49651318843253,34.29817013211389]}"
2_0000000000000000062b,30,22,17,47,31,193,193,14,33,0,103,38,-1069,-171,-35,73,-64,-24,9,5,-17,1340,74,-12,10,24,-10,-19,-5,26,-1898,-109,-19,66,-41,-17,33,8,5.6523767,350.5,0.11000112,99978.664,0.008929,153.08333,289.47,2.056664,"{""type"":""Point"",""coordinates"":[114.8862147908368,31.731774652712602]}"
2_000000000000000002af,27,22,16,72,42,194,194,17,39,0,726,41,-7694,-283,187,150,-83,-106,-3,30,-27,314,72,-22,1,39,-27,-62,-1,26,-9153,-298,83,58,35,-41,-47,35,5.642942,344.41666,0.14500111,91047.336,0.008677667,141.08333,286.73334,1.2906638,"{""type"":""Point"",""coordinates"":[110.36625146711246,26.877909383005157]}"
2_00000000000000000684,30,26,22,58,49,199,199,29,41,0,90,29,-178,-160,-40,71,-70,26,-55,1,-10,818,86,12,-57,0,-40,14,-3,22,-326,-113,-11,35,-60,7,-57,2,3.7047918,353.83334,0.094167784,100604.664,0.008532667,141.91667,289.63333,1.9866639,"{""type"":""Point"",""coordinates"":[114.38576542050754,32.16296526547976]}"
2_00000000000000000028,26,20,12,53,23,192,192,8,31,0,702,49,1585,-76,73,-52,-130,69,69,-4,-26,-2827,-47,-84,50,85,29,-19,9,34,614,1,84,-111,-127,61,83,0,30.628843,369.33334,0.23666778,93260.664,0.011912667,165.5,291.57333,3.0259974,"{""type"":""Point"",""coordinates"":[111.40730887185835,21.83081342824769]}"
2_000000000000000001da,28,20,14,38,27,188,187,12,27,0,769,38,-586,-193,-55,77,-10,-51,-37,3,-16,739,28,15,-37,44,50,18,-3,30,-516,-111,-87,27,-65,-63,-13,3,37.95752,366.83334,0.17250112,95826.0,0.0107413335,139.91667,290.23334,1.1413306,"{""type"":""Point"",""coordinates"":[113.35575766817206,25.58298643708447]}"
2_000000000000000001d9,29,23,19,37,32,193,193,19,30,0,458,32,948,-213,71,-60,0,-98,37,-2,-15,-700,119,-24,-11,57,-11,-14,2,21,479,-168,-26,-9,5,-43,46,0,16.057291,366.25,0.16500112,96273.336,0.010131334,136.66667,290.03,1.2693305,"{""type"":""Point"",""coordinates"":[112.93049320070493,25.672458299721868]}"
2_0000000000000000008f,31,25,17,50,25,193,193,13,43,0,393,33,-1440,-150,39,-76,-90,100,-55,6,-11,2346,125,87,-117,-15,53,-11,-9,21,-3713,-67,-3,-69,-161,174,-112,14,2.215883,385.41666,0.15250112,96365.336,0.012009,149.58333,293.6,1.3759972,"{""type"":""Point"",""coordinates"":[107.06009112294447,22.897470532141426]}"
2_000000000000000005d2,28,22,17,69,46,197,197,19,40,0,234,41,282,-218,-7,42,-60,-72,15,0,-13,606,177,0,-11,8,44,-40,-2,30,-235,-165,-9,25,-62,-51,-6,2,21.831783,349.16666,0.12083445,99286.664,0.009019334,158.16667,289.42667,2.138664,"{""type"":""Point"",""coordinates"":[114.7439204171203,31.266895531486654]}"
2_000000000000000000fb,28,23,16,72,42,196,196,15,42,0,208,55,1703,-145,93,54,-59,-175,40,-4,-21,-55,31,-44,-48,14,73,-19,0,39,1358,-211,60,108,-45,-289,-23,-3,14.23193,370.25,0.2000011,94547.336,0.010851334,145.25,291.00665,1.4059973,"{""type"":""Point"",""coordinates"":[110.22099625029644,23.83423402234828]}"
2_00000000000000000062,28,25,18,69,44,194,195,18,41,0,191,36,-610,-95,-24,29,-155,50,-93,3,-6,703,53,-26,-34,128,4,41,-2,25,-497,-60,-33,47,-138,111,-152,2,1.8543341,392.83334,0.15416779,98412.0,0.012659,148.16667,294.61,1.3073305,"{""type"":""Point"",""coordinates"":[107.00888726554777,22.711789105174883]}"
2_0000000000000000031b,27,21,16,74,47,192,192,20,41,0,1220,47,1535,-218,-101,88,-138,-92,99,-4,-15,-32768,-559,-194,295,1312,-77,-416,210,31,-268,-60,-128,58,-210,-67,57,2,12.989573,361.33334,0.13000111,96448.0,0.009433,135.58333,289.25,1.4146639,"{""type"":""Point"",""coordinates"":[109.60277310294356,27.597728688759762]}"
2_00000000000000000793,28,23,20,62,42,198,198,23,37,0,123,38,-80,-161,-51,62,-15,32,-34,1,-17,250,107,45,-49,-32,-18,42,-1,28,-476,-163,-41,40,-11,10,-4,3,3.5526812,348.16666,0.076667786,99627.336,0.008347001,142.0,288.71667,1.5626639,"{""type"":""Point"",""coordinates"":[113.32099005725834,33.17653677133223]}"
2_00000000000000000525,35,26,20,39,22,193,193,9,28,0,132,20,213,-153,24,-7,-42,12,46,0,-23,2840,17,37,-82,-24,16,-44,-11,13,168,-190,43,-2,-35,-9,28,0,21.23311,368.33334,0.123334445,99910.0,0.010095667,132.25,290.80667,1.2979972,"{""type"":""Point"",""coordinates"":[111.27579660448906,30.643825341288657]}"
2_0000000000000000008e,29,22,17,39,22,192,191,10,32,0,772,36,1004,-207,5,3,12,-28,-8,-2,-14,-639,54,-69,11,-8,22,-16,1,23,1592,-239,106,13,74,-119,46,-4,36.07942,374.66666,0.16500111,92341.336,0.011219334,147.75,292.02332,1.4399972,"{""type"":""Point"",""coordinates"":[106.60410790832016,23.16535102792719]}"
2_00000000000000000199,32,23,19,48,24,196,196,9,33,0,223,41,1324,-78,-37,6,-115,54,-27,-3,-18,-1550,83,-27,28,22,-12,-20,4,26,621,-72,-6,-18,-67,59,-22,-1,4.135329,376.41666,0.19083445,97941.336,0.010798668,144.25,292.15332,1.7439972,"{""type"":""Point"",""coordinates"":[109.99866101267058,24.952638993967255]}"
2_00000000000000000321,27,22,15,47,37,197,197,15,33,0,118,38,-104,-43,-56,40,-94,-14,-98,1,-11,-19,21,-33,-20,2,11,-20,0,29,-330,-58,-54,36,-97,12,-84,2,12.130647,375.0,0.16000111,100260.664,0.011702,134.66667,291.38998,4.2479973,"{""type"":""Point"",""coordinates"":[112.38961762022511,27.588832782158143]}"
2_00000000000000000496,28,24,19,61,39,196,196,18,38,0,385,41,1683,-166,15,6,-77,-32,4,-4,-13,-60,72,16,17,39,2,-23,0,31,-582,-153,-23,-12,-79,-61,30,3,35.424526,355.5,0.17083445,97188.0,0.010444667,143.75,289.07666,1.9239972,"{""type"":""Point"",""coordinates"":[114.81399073107414,29.72673540492961]}"
2_00000000000000000065,35,31,28,64,55,195,195,30,46,0,101,40,3,-119,3,24,-81,-93,65,1,-9,-270,103,-53,-22,59,10,-25,0,26,-1288,-80,8,34,-64,-44,32,5,1.0049988,394.0,0.1525011,99948.664,0.012998667,152.33333,294.75,1.6633306,"{""type"":""Point"",""coordinates"":[107.93891305406285,22.663550549978712]}"
2_00000000000000000a78,30,28,32,67,54,201,201,37,46,0,374,25,573,-154,-30,56,-132,127,-71,-1,-8,-557,62,17,-88,38,-56,44,1,20,220,-146,-31,18,-93,92,-55,0,3.599637,326.91666,0.06666778,96304.0,0.0072830003,147.08333,285.74335,1.7666639,"{""type"":""Point"",""coordinates"":[113.8567465897288,35.94047042740116]}"
2_000000000000000006e3,28,24,19,60,39,199,199,17,38,0,32,35,1715,-224,-33,64,-103,16,-48,-5,-14,-17,147,0,-31,9,-7,17,0,27,-229,-182,-26,49,-78,-10,11,1,2.1941445,349.91666,0.087501116,100954.0,0.009125667,149.5,289.07666,1.9839972,"{""type"":""Point"",""coordinates"":[115.85208283361952,32.32681939278968]}"
2_000000000000000006dc,34,30,30,69,59,202,202,31,44,0,91,39,-1343,-96,-82,71,123,126,-188,6,-15,420,-14,62,-67,-100,-41,103,-2,27,-836,-112,-57,39,75,60,-130,4,1.0994451,355.66666,0.07500111,100179.336,0.008873,144.66667,289.91666,1.8033305,"{""type"":""Point"",""coordinates"":[112.64833020424498,32.48878286125295]}"
2_000000000000000003c3,41,32,26,38,21,194,195,11,38,0,118,25,2288,-76,-25,12,1,1,-63,-7,-17,1659,15,0,8,6,10,29,-6,17,1238,-108,18,15,-9,2,-45,-3,16.976583,366.75,0.16500111,99566.0,0.009734,137.0,290.35333,1.4926639,"{""type"":""Point"",""coordinates"":[110.45653488614157,28.55847768353311]}"
