system:index,B1,B2,B3,B4,B5,B6,B7,Built,DEM,EVI,EVI_constant,EVI_cos_1,EVI_cos_2,EVI_cos_3,EVI_sin_1,EVI_sin_2,EVI_sin_3,EVI_t,NDBI,NDBI_constant,NDBI_cos_1,NDBI_cos_2,NDBI_cos_3,NDBI_sin_1,NDBI_sin_2,NDBI_sin_3,NDBI_t,NDVI,NDVI_constant,NDVI_cos_1,NDVI_cos_2,NDVI_cos_3,NDVI_sin_1,NDVI_sin_2,NDVI_sin_3,NDVI_t,SLOPE,lrad,prec,pres,shum,srad,temp,wind,.geo
1_00000000000000000037,28,28,30,46,55,192,46,1,3048,11,219,-77,37,-4,-40,50,-21,0,-10,-977,31,-12,-55,76,-76,12,4,11,495,-95,47,-20,-51,45,-26,-1,18.679794,235.58333,0.06333445,65773.336,0.0034553336,186.08333,270.43668,2.2073305,"{""type"":""Point"",""coordinates"":[101.96960811493699,37.31758798304002]}"
1_0000000000000000004a,35,35,37,45,48,202,39,1,1045,5,190,-56,11,0,-21,13,-7,0,-5,-141,3,-12,-34,11,-28,33,0,5,285,-60,15,-7,-18,6,3,-1,9.228245,294.25,0.05083445,89061.336,0.005635667,177.0,282.86667,2.128664,"{""type"":""Point"",""coordinates"":[109.69197741951774,37.147807710430065]}"
1_00000000000000000090,43,52,63,76,94,205,80,1,1368,8,114,-2,-9,3,-18,6,5,0,3,-2286,-59,-43,-10,37,9,16,10,7,-9,-9,-13,4,-17,6,7,0,4.6273675,288.25,0.027501117,85741.336,0.0051990002,198.91667,283.32333,2.5133307,"{""type"":""Point"",""coordinates"":[104.92919820702903,37.43994125684553]}"
1_0000000000000000009e,45,47,51,55,61,203,57,1,688,4,289,-15,-5,2,-9,11,3,-1,-4,460,-33,0,-31,-28,-33,16,-2,3,362,-17,-2,3,-10,5,3,-1,12.098643,309.83334,0.05416778,92672.0,0.006301667,166.25,285.00998,2.338664,"{""type"":""Point"",""coordinates"":[110.74031207718286,37.45557040603785]}"
1_000000000000000000e0,41,46,52,76,79,202,66,1,1787,11,-110,-61,29,-16,-17,-6,18,1,-8,-941,20,-32,-9,-8,12,-29,4,10,-85,-57,17,-16,-24,-6,15,0,2.5193825,281.75,0.027501117,81741.336,0.0051413337,193.75,281.97665,3.4673307,"{""type"":""Point"",""coordinates"":[102.79911238840425,37.69191613917364]}"
1_00000000000000000135,39,45,54,74,86,206,74,1,1184,12,181,-49,-2,23,-53,37,-2,0,0,-1089,51,-45,-35,63,-62,18,5,10,249,-44,-10,17,-50,21,9,0,4.38231,288.91666,0.045001116,87478.664,0.005113667,175.16667,282.07333,2.3033307,"{""type"":""Point"",""coordinates"":[109.06109042517305,37.83124521068961]}"
1_00000000000000000136,41,49,59,69,83,207,79,1,1108,7,501,-23,7,1,-15,16,-7,-2,1,-177,29,-93,-12,41,-54,-7,0,6,614,-19,-2,4,-13,7,-4,-2,13.198785,291.08334,0.045834452,88196.664,0.005196334,175.0,282.52332,2.3086638,"{""type"":""Point"",""coordinates"":[109.2761484098797,37.96734143394183]}"
1_00000000000000000182,43,57,73,87,107,206,102,1,1075,7,-200,-8,14,-9,-18,16,1,1,4,-558,-26,-32,-59,9,-39,-16,2,6,-561,-7,21,-23,-23,19,10,2,2.5352461,296.25,0.05333445,89675.336,0.005498334,174.0,283.34665,2.0819972,"{""type"":""Point"",""coordinates"":[109.73671112128591,38.22524692067104]}"
1_000000000000000001c0,29,32,34,60,58,200,47,1,2425,13,394,-58,3,-4,-33,-4,32,-1,-14,2722,-16,-19,-19,48,-89,-7,-13,12,717,-75,3,-8,-35,-11,31,-2,3.0063624,262.08334,0.044167783,75118.0,0.004089667,188.66667,277.71,1.9259973,"{""type"":""Point"",""coordinates"":[100.57093080570473,38.47264230621727]}"
1_000000000000000001c4,43,49,55,71,74,203,68,1,1730,6,253,-24,13,-5,-4,-21,11,0,-9,647,39,-26,-68,23,-39,35,-3,5,208,-24,8,-11,-4,-24,14,0,0.92740995,269.83334,0.024167784,81184.664,0.004398334,198.75,280.24332,2.8353307,"{""type"":""Point"",""coordinates"":[102.13022939398316,38.33250613741062]}"
1_000000000000000001ca,37,38,39,46,44,201,39,1,1083,5,5,-43,0,11,-13,7,-7,0,-5,-300,-11,-21,-41,21,-32,0,1,5,-15,-44,2,12,-16,0,-2,0,2.3611674,296.25,0.05333445,89675.336,0.005498334,174.0,283.34665,2.0819972,"{""type"":""Point"",""coordinates"":[109.7623152795348,38.26297537468424]}"
1_0000000000000000020d,41,43,49,53,55,209,52,1,1541,2,171,-5,-2,-2,-9,-9,2,0,-14,983,4,-28,-45,19,-67,43,-5,2,232,-5,-3,-3,-6,-10,3,0,2.2002087,274.41666,0.022501117,82802.664,0.004386667,200.33333,281.56668,2.746664,"{""type"":""Point"",""coordinates"":[102.1868243045535,38.50498416615791]}"
1_0000000000000000020f,42,47,54,77,81,203,69,1,1372,12,597,-42,21,-8,-18,9,24,-2,-3,-427,28,-6,-16,5,-35,3,1,11,608,-36,18,-11,-18,13,28,-2,2.2013683,279.08334,0.01583445,86164.0,0.004466667,202.58333,282.65665,2.4599972,"{""type"":""Point"",""coordinates"":[103.03788387251313,38.63568487713546]}"
1_00000000000000000212,36,35,38,57,53,202,45,1,1109,11,-258,-82,17,0,-32,14,12,1,-8,-200,40,-27,-28,42,-16,-15,0,10,-231,-82,9,6,-27,10,20,1,1.1859566,294.75,0.027501117,88874.664,0.005487334,182.75,283.3033,2.3939972,"{""type"":""Point"",""coordinates"":[106.35482632302832,38.56049997427331]}"
1_00000000000000000261,38,36,38,42,44,202,42,1,951,2,275,-28,2,2,-8,10,3,-1,-4,214,-23,-40,-20,25,-18,-12,-1,2,497,-20,7,3,-5,14,12,-2,1.8543341,293.25,0.057501115,89202.0,0.005295667,171.75,282.69333,1.8793306,"{""type"":""Point"",""coordinates"":[110.49695663719106,38.8310693079943]}"
1_000000000000000002ef,30,29,33,52,58,200,48,1,1233,12,150,-48,-10,13,-40,10,3,0,-1,-980,2,-73,-54,47,-66,-34,4,12,68,-47,-22,12,-45,0,12,0,5.1227574,287.25,0.060001116,88096.0,0.005270334,179.25,282.42667,2.402664,"{""type"":""Point"",""coordinates"":[110.18542154209206,39.23531357309549]}"
1_000000000000000002f1,38,42,48,63,70,205,61,1,1044,10,195,-46,-1,17,-30,19,-1,0,-2,-182,2,-62,-30,58,-39,-22,0,9,282,-51,-8,13,-31,13,0,0,9.006308,292.91666,0.04833445,90614.0,0.0054450007,168.16667,281.97665,1.6906639,"{""type"":""Point"",""coordinates"":[111.13566043568244,39.153654055503736]}"
1_000000000000000003dc,49,55,61,74,70,206,62,1,1161,6,-147,-31,8,-3,-9,-3,5,0,-9,175,-25,-12,-23,4,-8,0,-1,4,34,-28,7,-5,-7,1,10,0,2.7802885,283.83334,0.004167784,88467.336,0.004073667,197.83333,284.00665,1.9453306,"{""type"":""Point"",""coordinates"":[94.57063511425741,40.1278784536606]}"
1_00000000000000000451,50,57,64,69,75,208,68,1,1172,4,-32,-1,6,2,-13,10,-1,0,-5,871,1,12,-9,-52,-23,24,-4,3,263,-2,-3,-4,-6,9,-8,-1,0.0,279.08334,0.0050011175,88036.0,0.0038866673,197.0,283.18,2.404664,"{""type"":""Point"",""coordinates"":[95.76287834022038,40.51217715974972]}"
1_0000000000000000046b,34,30,29,35,35,192,31,1,887,9,-361,-63,22,14,3,-26,44,2,-8,252,41,15,12,0,-17,-16,-1,7,-225,-64,1,4,-6,-20,37,1,13.447757,308.08334,0.13083445,83775.336,0.006363667,149.08333,281.71332,1.6013305,"{""type"":""Point"",""coordinates"":[109.52111804445285,31.884846673675288]}"
1_00000000000000000498,27,26,24,41,35,191,23,1,1458,11,-205,-109,0,-4,-6,4,22,1,-11,-1155,52,-53,-4,18,8,-10,4,8,-125,-127,-3,26,-7,18,9,1,15.498102,305.83334,0.06583445,79383.336,0.005966667,152.75,281.94998,1.2066638,"{""type"":""Point"",""coordinates"":[104.70982827160371,32.80274816642607]}"
1_000000000000000004bc,34,30,28,48,38,201,29,1,553,15,-196,-67,-3,-13,-17,6,-16,1,-15,-64,49,11,39,9,-27,60,0,12,311,-59,0,7,-15,4,0,0,2.2143924,348.41666,0.076667786,94952.0,0.009216667,145.0,288.15,1.4419972,"{""type"":""Point"",""coordinates"":[106.69007491752954,33.14635311630144]}"
1_000000000000000004be,32,29,24,59,38,199,23,1,506,19,55,-148,19,0,-18,21,10,0,-16,372,74,-7,2,26,-16,-9,-2,13,296,-132,23,-8,-5,25,27,0,2.7802885,349.58334,0.116667785,95235.336,0.009182334,141.83333,288.27,1.4633305,"{""type"":""Point"",""coordinates"":[107.54275759827262,32.95204778789754]}"
1_000000000000000004bf,36,33,34,43,44,203,40,1,404,7,-281,-58,-12,9,-18,-13,8,1,-9,76,12,23,-42,14,33,35,0,6,186,-60,2,-2,-7,-8,5,0,5.8148623,348.91666,0.11083444,95972.664,0.009165334,142.33333,288.42334,1.5286639,"{""type"":""Point"",""coordinates"":[108.2412891555981,33.04259429388881]}"
1_00000000000000000507,35,36,39,55,56,203,47,1,1365,8,-229,-42,11,7,-7,-12,16,1,0,-250,85,-36,25,19,-22,1,1,7,215,-52,-4,10,-15,-18,19,0,6.399235,320.5,0.052501116,85288.0,0.0065366672,170.16667,286.23334,1.6553305,"{""type"":""Point"",""coordinates"":[105.0030409204741,33.48591366152135]}"
1_0000000000000000050e,32,27,26,30,37,180,27,1,879,6,220,-111,-38,-8,-29,-14,1,0,-12,1060,-61,-69,-64,32,-32,4,-5,5,868,-139,-69,-36,-17,-22,11,-3,1.4483843,307.91666,0.10000112,82939.336,0.006296334,141.58333,281.44998,1.4246639,"{""type"":""Point"",""coordinates"":[107.9895773602321,33.5478996252653]}"
1_00000000000000000510,31,28,26,38,30,186,20,1,665,16,326,-127,-29,5,-35,0,40,0,-15,-67,8,-17,-56,9,3,9,0,13,451,-119,-35,0,-33,4,55,-1,10.611818,327.5,0.083334446,91522.0,0.007561334,156.08333,286.19,1.2573305,"{""type"":""Point"",""coordinates"":[109.15164139026537,33.55436532179281]}"
1_0000000000000000053b,35,32,32,42,40,201,36,1,804,8,-105,-68,0,20,-10,-7,5,0,-10,1335,87,47,-10,-2,25,57,-6,7,224,-61,0,15,-13,-8,14,0,9.032934,312.41666,0.083334446,87201.336,0.006543667,155.0,283.43332,1.2459972,"{""type"":""Point"",""coordinates"":[109.10878942914177,33.68992199381755]}"
1_0000000000000000053d,36,37,39,50,48,200,41,1,710,7,-31,-36,-13,15,-10,-1,0,0,-11,902,29,-21,-20,0,-1,9,-4,7,377,-27,-29,0,-2,-6,-7,-1,2.164294,326.83334,0.083334446,93188.664,0.00743,158.16667,286.54333,2.1239972,"{""type"":""Point"",""coordinates"":[109.94557095552827,33.86563287082858]}"
1_0000000000000000056a,31,26,24,55,39,199,26,1,453,19,380,-138,-36,15,6,12,-24,0,-16,547,60,13,-18,7,24,59,-3,14,489,-107,-37,-10,-23,-8,26,-1,2.9054868,333.25,0.080001116,93526.664,0.007608,147.91667,286.43332,1.3306639,"{""type"":""Point"",""coordinates"":[108.44259973175694,34.07556734842482]}"
1_00000000000000000594,30,28,27,44,47,194,36,1,1741,12,-67,-85,15,21,-37,3,10,1,-12,-2038,6,0,20,5,10,-9,9,10,-34,-92,10,17,-68,8,4,0,10.006674,301.83334,0.06416778,82676.0,0.0059530004,165.91667,282.04333,1.2613306,"{""type"":""Point"",""coordinates"":[105.76166778269683,34.312992184015535]}"
1_0000000000000000059c,38,33,34,58,55,204,42,1,391,15,915,-101,-4,-12,-10,-8,1,-3,-9,344,21,30,-15,-18,7,55,-2,10,733,-82,-1,-25,-10,-15,25,-2,2.4288383,343.08334,0.06750111,96950.0,0.007897668,152.25,288.59665,1.2173306,"{""type"":""Point"",""coordinates"":[108.95814315915214,34.33266573786335]}"
1_0000000000000000059d,30,28,29,63,48,199,32,1,978,19,906,-112,-24,11,-21,-31,40,-3,-12,-357,50,16,-51,-7,13,4,1,15,647,-101,-30,-3,-27,-31,49,-2,15.443152,330.83334,0.075834446,93090.0,0.0074100005,157.83333,287.08334,1.7973306,"{""type"":""Point"",""coordinates"":[109.27506930742476,34.30490783380565]}"
1_000000000000000005c0,29,34,39,59,70,194,60,1,3430,10,435,-63,35,-18,-40,25,5,-1,-2,655,34,-43,29,-13,-31,-17,-3,10,200,-58,12,-4,-41,38,-7,0,2.9130023,251.08333,0.07166778,67348.664,0.004335667,208.5,275.09,2.0519972,"{""type"":""Point"",""coordinates"":[102.2997421205299,34.442083159512805]}"
1_000000000000000005c4,29,31,31,63,61,194,44,1,2775,15,185,-106,44,18,-35,34,-2,0,-2,382,38,-31,16,19,-26,0,-1,13,362,-125,40,41,-41,49,-8,0,9.261444,283.83334,0.06666778,77120.664,0.006044334,185.66667,279.85,1.4633306,"{""type"":""Point"",""coordinates"":[104.04498522273703,34.51134191707492]}"
1_000000000000000005cc,38,33,33,38,36,201,33,1,784,6,-1076,-79,-3,32,-25,-19,-28,5,-15,1504,8,-4,-41,19,0,43,-7,5,306,-47,-17,4,2,3,0,-1,2.433583,325.0,0.07416778,91853.336,0.0068223337,155.25,285.94,1.6673306,"{""type"":""Point"",""coordinates"":[107.40127478094783,34.52401022316777]}"
1_000000000000000005f4,27,27,32,38,44,190,37,1,3527,8,-311,-32,16,-6,-14,17,6,1,-5,655,-5,-65,-18,-30,-34,-60,-3,7,-202,-31,3,-2,-18,17,-3,1,0.0,242.16667,0.060834453,65356.0,0.0039780005,208.58333,272.74667,2.000664,"{""type"":""Point"",""coordinates"":[101.61118111315994,34.73609844657281]}"
1_000000000000000005f7,30,34,42,61,75,193,64,1,3027,11,-297,-54,13,2,-26,30,-6,1,1,-174,3,-44,-1,33,-2,-30,0,11,-283,-60,8,0,-26,35,-8,1,3.0002465,252.0,0.06833445,68155.336,0.004220334,192.83333,273.96332,1.4499972,"{""type"":""Point"",""coordinates"":[103.20093090253238,34.80077770735304]}"
1_000000000000000005fe,32,32,32,45,50,201,42,1,1386,9,8,-67,8,9,-15,9,-1,0,-6,-654,3,-44,-11,-17,38,24,2,8,-165,-51,-5,19,-33,17,6,1,1.4606581,304.33334,0.06750111,85870.664,0.006102667,167.08333,282.63666,1.2473305,"{""type"":""Point"",""coordinates"":[106.14004034348595,34.74903429872886]}"
1_00000000000000000601,39,39,41,52,56,201,52,1,738,7,-344,-45,-5,3,4,7,-1,2,-7,436,35,-5,-17,12,-14,56,-2,6,167,-42,-14,-4,6,0,8,0,2.1695971,324.75,0.07333445,91890.0,0.006839667,158.75,286.12665,1.6146638,"{""type"":""Point"",""coordinates"":[107.12234463275163,34.63504183939857]}"
1_00000000000000000603,37,37,38,49,47,203,41,1,986,7,-43,-45,-9,0,6,-26,2,0,-11,687,18,-14,0,-7,-10,34,-3,6,173,-44,-15,0,1,-21,6,0,1.8543341,310.75,0.07416778,88984.664,0.0066000004,156.66667,283.22,2.0953305,"{""type"":""Point"",""coordinates"":[108.13860943564039,34.695137144295856]}"
1_00000000000000000604,36,34,34,54,50,201,41,1,550,16,-476,-104,-18,15,-28,9,6,3,-9,-23,26,26,-21,-6,23,22,0,12,-24,-74,-22,-1,-23,-20,28,0,0.92740995,322.83334,0.06750111,92024.0,0.006878667,155.08333,285.35333,1.7839973,"{""type"":""Point"",""coordinates"":[108.51805663978337,34.5954227265387]}"
1_00000000000000000607,41,39,41,59,53,204,46,1,350,13,252,-119,0,-1,-57,29,-5,0,-11,-119,61,18,-26,38,-24,30,0,10,-73,-99,-5,-2,-52,20,11,0,0.0,343.58334,0.07416778,97246.664,0.009141,179.5,291.29,4.504664,"{""type"":""Point"",""coordinates"":[109.92131790489856,34.787574309133795]}"
1_0000000000000000063a,45,47,52,61,64,205,57,1,488,7,355,-45,-13,4,5,-1,-7,-1,-5,585,1,13,-30,-40,0,39,-3,5,203,-41,-13,1,-2,-3,-3,0,1.4629432,335.5,0.07416778,95700.664,0.008413333,177.33333,289.75665,3.7553306,"{""type"":""Point"",""coordinates"":[109.59873315738912,34.96436428859977]}"
1_00000000000000000664,44,50,56,67,72,203,68,1,2098,7,-239,-24,14,12,-16,3,-5,1,-3,-857,-34,-35,5,-17,-22,-13,4,5,-122,-25,13,16,-13,3,-3,0,2.2670562,283.91666,0.068334445,78889.336,0.0062070005,188.58333,280.26334,2.490664,"{""type"":""Point"",""coordinates"":[104.20857180398374,35.13414456120971]}"
1_00000000000000000669,31,31,31,43,49,201,45,1,1448,6,113,-42,-1,3,-6,-9,14,0,-9,647,24,-52,-4,15,34,34,-3,5,533,-45,-1,-2,-9,-12,12,-2,2.269185,296.0,0.07083445,84486.664,0.005670667,171.33333,281.71,1.6793306,"{""type"":""Point"",""coordinates"":[106.64426211330644,35.21068057169106]}"
1_0000000000000000066c,34,30,32,56,51,202,41,1,1204,14,646,-95,-16,23,-18,-34,31,-2,-9,911,7,-69,-62,14,-42,-14,-4,10,1105,-100,-39,20,-13,-35,34,-4,3.5253456,308.08334,0.075834446,88484.664,0.006911667,165.16667,283.63,2.4466639,"{""type"":""Point"",""coordinates"":[107.77452383462652,35.215532073637206]}"
1_0000000000000000066f,39,39,42,56,55,203,48,1,854,10,-126,-61,-2,0,-23,-4,0,1,-7,-844,47,15,-59,16,-31,59,3,9,117,-57,-7,-1,-30,-8,16,0,2.265721,317.0,0.07416778,91580.0,0.0068220007,168.58333,285.66333,2.6379974,"{""type"":""Point"",""coordinates"":[109.03575827208843,35.08617355207674]}"
1_0000000000000000069a,34,36,39,52,59,200,52,1,2481,7,70,-38,3,6,-13,6,3,0,-2,-127,-2,-10,1,-32,-17,-7,0,6,142,-43,6,-2,-17,4,5,0,2.458845,274.91666,0.049167782,75491.336,0.004818334,198.75,280.11,1.5986639,"{""type"":""Point"",""coordinates"":[102.01407427064196,35.51116601437962]}"
1_000000000000000006a5,34,35,37,57,52,201,44,1,1155,12,-1086,-90,48,-34,2,19,-4,5,-11,1048,53,-25,11,45,-6,-15,-5,11,105,-42,-12,9,-7,2,5,0,1.1363217,300.66666,0.072501116,85766.664,0.005996334,171.58333,282.78998,1.9726639,"{""type"":""Point"",""coordinates"":[107.02209512286807,35.302310639238314]}"
1_000000000000000006a6,31,30,40,51,53,199,47,1,1037,9,-97,-68,0,-8,-22,6,12,0,-7,598,55,-34,-3,15,-29,22,-3,8,245,-58,-14,-12,-13,-7,18,0,4.6306047,312.75,0.07333445,89196.0,0.006871667,170.83333,285.04,2.2679973,"{""type"":""Point"",""coordinates"":[107.35168511813248,35.32359838766747]}"
1_000000000000000006a7,38,40,45,56,57,204,52,1,1265,8,74,-52,-3,-7,1,-27,31,0,-7,1082,-2,-25,-4,-6,-14,30,-5,6,362,-45,-18,2,-1,-26,30,-1,0.92740995,304.16666,0.075834446,87184.0,0.006726334,169.5,283.29666,2.4873307,"{""type"":""Point"",""coordinates"":[107.75862268026994,35.44675875876364]}"
1_000000000000000006ac,34,33,34,59,53,199,40,1,787,14,-205,-93,-12,19,-39,-1,22,1,-6,-262,35,19,-16,8,15,10,0,13,-355,-92,-8,24,-57,4,31,2,2.7802885,318.33334,0.07750112,92192.664,0.007582667,178.83333,286.90668,2.8373306,"{""type"":""Point"",""coordinates"":[109.66260086177763,35.3349155861411]}"
1_00000000000000000729,36,34,32,33,29,190,25,1,1640,4,66,-47,8,-2,-6,0,12,0,-8,-707,-46,-22,-32,19,15,-20,3,3,-45,-52,5,-2,-9,4,5,0,2.1791086,292.91666,0.04333445,81796.664,0.0056120004,186.0,282.24,1.0446639,"{""type"":""Point"",""coordinates"":[103.32435881969177,35.93427227693687]}"
1_00000000000000000737,28,27,25,61,50,195,36,1,1052,19,1363,-176,77,1,-22,-4,18,-5,-13,-1335,71,-66,-21,28,28,54,5,15,1590,-176,79,-7,-19,-15,34,-6,2.1777368,311.08334,0.07500111,91487.336,0.0070970003,178.16667,285.53665,1.6166639,"{""type"":""Point"",""coordinates"":[109.37073932052645,35.75290280068902]}"
1_00000000000000000773,36,35,34,51,43,203,35,1,1533,8,69,-101,-8,8,-39,7,20,0,-12,-119,-20,-37,-22,32,-7,-11,0,6,128,-106,-7,7,-45,8,19,0,2.1801708,297.41666,0.03583445,83852.0,0.0055460003,189.16667,283.56,1.0786638,"{""type"":""Point"",""coordinates"":[103.72617733381986,36.07333380238964]}"
1_00000000000000000782,30,31,33,51,56,201,42,1,871,12,367,-81,8,14,-41,11,26,-1,-7,-82,27,5,-22,14,11,24,0,11,555,-95,-2,19,-61,15,32,-1,1.4744763,297.25,0.07166778,87162.0,0.0062700002,178.91667,283.19333,2.0586638,"{""type"":""Point"",""coordinates"":[110.13906918664148,36.01404559478303]}"
1_000000000000000007b8,41,49,58,76,89,203,75,1,2924,8,322,-37,7,5,-20,14,-4,-1,-2,1307,31,-48,6,-7,-32,-20,-6,7,491,-33,4,6,-20,8,-5,-1,5.3634915,249.5,0.040001117,69709.336,0.0037496672,215.25,276.32,2.0353305,"{""type"":""Point"",""coordinates"":[100.63345632067616,36.30563513086996]}"
1_000000000000000007bc,36,42,50,69,79,202,67,1,2293,11,-26,-43,19,-8,-25,0,11,0,-1,-68,11,-9,-28,5,-50,6,0,10,57,-48,13,-11,-28,-8,14,0,6.3741827,278.0,0.04833445,77410.664,0.004935667,186.5,279.74335,1.4639972,"{""type"":""Point"",""coordinates"":[102.1657996430865,36.43499365243042]}"
1_000000000000000007bd,40,44,47,54,52,202,45,1,1799,4,-304,-39,-6,5,-3,8,12,1,-7,486,-25,-12,-15,-14,-46,-25,-2,3,-118,-39,-6,-1,-2,1,11,0,1.8543341,292.5,0.039167784,81977.336,0.005521334,183.58333,282.3,1.6693306,"{""type"":""Point"",""coordinates"":[102.8004590369224,36.32612024110949]}"
1_0000000000000000080e,37,39,43,52,53,203,45,1,1980,5,-58,-14,9,-5,-12,5,3,0,-6,-567,22,-7,-35,6,-23,12,2,5,-66,-19,1,-6,-13,2,4,0,1.8543341,279.75,0.049167782,78148.664,0.0050380006,185.0,279.97,1.7433306,"{""type"":""Point"",""coordinates"":[102.40672933210523,36.47029635547055]}"
1_00000000000000000810,42,51,60,78,88,203,79,1,1836,8,418,-14,11,-8,-11,1,10,-1,3,-221,32,23,-42,-22,5,-19,1,7,409,-20,10,-9,-14,2,11,-1,3.455607,285.16666,0.031667784,80775.336,0.004940334,188.0,281.3933,1.5459973,"{""type"":""Point"",""coordinates"":[103.48147524530992,36.46409820500627]}"
1_00000000000000000861,30,31,35,43,52,186,42,1,2625,8,186,-55,12,0,-27,17,-3,0,-10,1472,-34,-94,-8,-46,-51,-15,-7,7,261,-48,-6,-5,-36,15,3,0,12.527977,271.41666,0.039167784,76908.0,0.0047073336,189.83333,278.78,2.8653307,"{""type"":""Point"",""coordinates"":[103.05917608004333,36.74087014829259]}"
1_00000000000000000862,39,43,46,58,58,204,53,1,2069,6,13,-29,5,-3,-12,5,0,0,-9,917,44,-25,-12,-48,-10,-40,-4,5,164,-31,-1,-5,-20,7,0,0,0.0,272.75,0.03583445,77408.0,0.0046453336,190.83333,279.17667,2.5673306,"{""type"":""Point"",""coordinates"":[103.27665981572304,36.7047603479618]}"
1_00000000000000000863,47,55,63,77,89,206,79,1,2097,6,80,-6,9,-4,-3,4,1,0,-1,-118,36,-31,-18,-30,-12,-32,0,5,-5,-10,5,-6,-8,3,0,0,6.0044093,276.58334,0.02833445,79295.336,0.004501334,192.41667,280.18668,1.6559973,"{""type"":""Point"",""coordinates"":[103.72105382670945,36.67996328700358]}"
1_00000000000000000872,36,36,38,53,52,203,45,1,791,8,-148,-66,16,7,-30,16,2,1,-8,222,58,25,-46,0,-7,17,-1,8,-216,-68,23,6,-34,16,12,1,15.4260645,300.0,0.056667782,90608.664,0.0060940003,178.33333,284.00333,2.0786638,"{""type"":""Point"",""coordinates"":[110.17976294285523,36.88855557518272]}"
1_000000000000000008b2,30,32,33,59,58,194,48,1,2590,13,636,-86,50,-26,-32,9,-3,-2,-8,-223,52,-6,-33,42,-48,-18,0,11,626,-88,41,-29,-47,19,-10,-2,4.7694592,264.08334,0.056667782,73820.664,0.0045920005,187.08333,276.86,1.1659971,"{""type"":""Point"",""coordinates"":[101.75051018467593,36.95862143003552]}"
1_000000000000000008b5,43,51,59,79,92,202,80,1,2692,8,320,-22,9,3,-19,22,-13,-1,0,360,56,-38,27,-5,-42,-2,-1,7,159,-16,4,6,-18,11,-2,0,6.540722,251.75,0.05083445,72170.664,0.004112667,197.58333,275.67334,5.0839972,"{""type"":""Point"",""coordinates"":[102.97051131469662,37.122743103408645]}"
1_000000000000000009f1,45,47,47,66,56,204,46,1,1054,5,128,-45,19,-18,-28,10,9,0,-10,-255,-12,-54,-136,22,-82,-29,0,4,-270,-47,3,-8,-25,5,9,1,1.5545123,284.83334,0.009167784,89398.664,0.0052743335,187.5,281.75998,1.8739972,"{""type"":""Point"",""coordinates"":[86.66716833859306,41.995746834837476]}"
1_00000000000000000aa2,46,51,57,65,70,210,64,1,795,4,23,-21,-7,0,-20,9,-7,0,-6,405,-89,-85,-38,-28,-79,-34,-2,3,149,-16,-7,0,-21,6,-8,0,2.244297,283.25,0.006667784,92308.664,0.0045540007,193.83333,283.26,1.4953306,"{""type"":""Point"",""coordinates"":[93.55652851627852,42.86136090863556]}"
1_00000000000000000b02,40,44,48,65,75,204,60,1,1534,8,139,-34,6,-2,-32,10,1,0,-8,677,-158,-181,-91,-79,-64,-99,-3,6,-919,-50,35,12,-72,0,15,4,1.8543341,250.16667,0.034167785,82888.664,0.003490667,185.0,275.39334,5.5599976,"{""type"":""Point"",""coordinates"":[88.35690009178583,43.51946625581047]}"
1_00000000000000000b24,35,31,30,39,26,189,21,1,805,5,279,-86,8,5,-19,4,13,-1,-24,64,-150,-111,-23,-21,-22,4,-1,4,82,-89,11,7,-26,10,9,0,0.92740995,288.66666,0.035001118,92240.664,0.004466334,167.66667,281.28,2.4099972,"{""type"":""Point"",""coordinates"":[87.5761739247422,43.83909016022041]}"
1_00000000000000000b29,36,40,44,79,71,202,54,1,1305,12,545,-108,41,9,-38,3,2,-1,-26,920,-232,-147,-6,11,-41,-13,-5,7,416,-130,24,4,-44,10,7,-1,3.1627274,268.16666,0.026667783,87590.0,0.0041030003,172.41667,277.55,3.150664,"{""type"":""Point"",""coordinates"":[89.88951541936046,43.695177132821506]}"
1_00000000000000000b2b,43,51,59,81,86,202,71,1,1363,9,626,-59,27,0,-21,-10,11,-2,-18,1684,-246,-157,-2,-42,-37,6,-8,6,700,-67,10,-9,-18,-2,18,-2,1.2848487,268.0,0.02083445,85084.664,0.0035340004,173.5,278.78998,5.277331,"{""type"":""Point"",""coordinates"":[90.51366471201338,43.801089701042955]}"
1_00000000000000000b48,34,31,30,40,31,199,24,1,800,6,-101,-55,17,6,-35,10,11,0,-24,-52,-140,-98,-17,-35,-49,2,0,5,-163,-74,9,3,-44,15,10,1,1.8543341,288.66666,0.035001118,92240.664,0.004466334,167.66667,281.28,2.4099972,"{""type"":""Point"",""coordinates"":[87.58479782617957,43.83989725751108]}"
1_00000000000000000b4b,39,42,44,67,68,204,57,1,725,13,-522,-83,4,28,-77,48,-1,3,-22,1159,-245,-143,-2,11,-167,-19,-6,8,-634,-104,-12,17,-72,43,2,3,1.5878158,274.0,0.025001116,92076.664,0.004542667,173.75,278.43668,3.0693307,"{""type"":""Point"",""coordinates"":[89.21685556634708,43.99566257551006]}"
1_00000000000000000ccf,46,48,51,70,73,202,63,1,499,10,-376,-84,-24,-17,-39,15,2,2,-14,795,-240,-206,-11,-29,-69,-6,-4,6,141,-77,-20,5,-46,16,2,0,0.0,272.75,0.014167784,95649.336,0.004300667,172.5,278.42667,1.992664,"{""type"":""Point"",""coordinates"":[87.50206366523393,47.11075489863892]}"
1_00000000000000000cdb,41,46,52,73,76,203,63,1,508,14,159,-62,-16,32,-80,44,-13,0,-21,2858,-213,-212,-48,6,-116,13,-14,7,-215,-80,-37,38,-76,48,2,1,1.6535107,272.0,0.021667784,95485.336,0.0041600005,174.08333,278.78333,2.0339973,"{""type"":""Point"",""coordinates"":[87.78044980310162,47.368927931431344]}"
1_00000000000000000cf4,41,43,46,66,66,202,49,1,793,11,672,-74,-9,9,-23,-6,44,-2,-27,1674,-239,-186,45,-62,-115,18,-9,6,161,-87,-28,23,-42,-4,30,0,3.7047918,269.41666,0.024167784,92519.336,0.0042950003,172.41667,278.20334,2.1759973,"{""type"":""Point"",""coordinates"":[88.15774326143578,47.77505839627814]}"
2_00000000000000000258,49,58,72,79,91,209,84,0,1461,5,332,1,6,-2,-6,1,0,-1,-3,526,-1,0,-27,20,-25,76,-2,4,314,2,5,-4,-5,-1,1,-1,2.202315,277.58334,0.02083445,84824.664,0.004333667,204.0,282.87,2.9699974,"{""type"":""Point"",""coordinates"":[102.1951762008266,38.741329899293696]}"
2_000000000000000007e9,33,31,56,61,82,195,74,0,4906,3,-39,12,-5,0,-5,0,7,0,-5,486,22,-38,73,-46,-26,27,-2,3,87,11,-6,0,-6,-1,8,0,3.0092108,209.91667,0.032501116,54853.332,0.0031006671,204.75,264.12332,2.652664,"{""type"":""Point"",""coordinates"":[86.72187704941778,36.459786254287586]}"
2_000000000000000000e4,47,56,66,79,90,207,81,0,1207,6,51,-7,0,1,-14,3,8,0,1,-598,-10,-4,-5,22,14,28,2,6,80,-10,1,1,-11,3,6,0,2.519187,292.16666,0.03333445,88028.664,0.0055520004,193.33333,283.38,3.0239973,"{""type"":""Point"",""coordinates"":[105.83874334440566,37.68517843748188]}"
2_000000000000000008ba,49,59,70,84,93,203,85,0,1760,11,697,-1,-42,-2,5,48,-45,-2,-2,-3145,-16,-23,-20,50,-11,7,14,9,430,-8,-29,7,-4,40,-31,-1,2.3209522,278.66666,0.03333445,82558.0,0.0049650003,200.33333,281.34665,2.614664,"{""type"":""Point"",""coordinates"":[105.3110711621451,36.98476513951188]}"
2_00000000000000000363,53,65,77,88,105,208,98,0,2249,5,169,-11,0,3,-12,4,0,0,-9,-369,-179,-86,-2,-32,-19,12,1,3,166,-16,-3,2,-14,5,-1,0,3.0373476,249.41667,0.01333445,76330.0,0.0031660006,192.33333,275.56332,2.7319973,"{""type"":""Point"",""coordinates"":[94.91208631832397,39.6355134335412]}"
2_00000000000000000890,40,49,58,65,86,204,80,0,4403,3,7,8,-4,2,2,0,0,0,-6,730,-26,-120,-22,-49,-28,13,-3,3,56,6,-9,-1,0,-2,0,0,3.0123963,207.08333,0.031667784,58632.0,0.0025236672,198.5,263.27,2.692664,"{""type"":""Point"",""coordinates"":[87.22663837046575,37.01144394111464]}"
2_00000000000000000984,49,57,67,71,93,210,85,0,1586,3,32,8,3,0,5,-8,2,0,0,-201,-51,-65,-78,-44,-7,-26,0,2,47,2,0,0,3,-6,2,0,1.5452843,259.66666,0.00833445,83649.336,0.0029533338,202.41667,280.28665,3.952664,"{""type"":""Point"",""coordinates"":[94.82422865026791,41.399083441078]}"
2_0000000000000000071b,49,63,74,90,101,204,93,0,3692,7,56,2,11,-3,-12,3,-2,0,-2,184,41,0,-23,-16,-22,-29,0,6,75,0,7,-4,-12,1,-4,0,32.72532,235.41667,0.054167785,62282.0,0.003185667,220.75,273.22,2.5899973,"{""type"":""Point"",""coordinates"":[97.37903938513236,35.91567782554401]}"
2_000000000000000005b1,25,27,29,68,66,190,38,0,4820,10,-110,-100,28,9,-54,73,-42,1,-29,-954,-134,-39,34,16,-39,-11,3,7,-172,-113,19,21,-64,70,-40,1,15.386483,223.75,0.045001116,57816.668,0.003126667,218.25,268.75665,2.4699972,"{""type"":""Point"",""coordinates"":[95.78120524555005,34.35261129687541]}"
2_00000000000000000cd6,47,38,31,34,17,168,13,0,2240,6,2260,21,178,122,-149,-76,-98,-10,-29,-1597,-186,-26,-10,-65,9,41,5,3,-542,-192,3,-7,-91,73,-9,2,21.732235,221.75,0.031667784,74596.664,0.0025533338,167.08333,266.45334,1.3266639,"{""type"":""Point"",""coordinates"":[90.09810324843853,47.08676939407245]}"
2_00000000000000000652,29,36,43,66,71,192,55,0,4352,8,247,-30,9,-1,-28,23,-20,0,-4,-83,-5,-46,-67,-2,-90,-46,0,7,53,-39,5,-1,-39,26,-25,0,3.868759,224.66667,0.03583445,59816.668,0.0033923336,222.25,269.47333,3.162664,"{""type"":""Point"",""coordinates"":[96.49186109863982,35.119862060535525]}"
2_0000000000000000015b,46,57,68,76,90,203,84,0,3790,4,-112,7,-3,2,-3,2,2,0,0,-237,-8,-4,-5,-40,-17,39,1,3,148,5,-13,-4,1,6,-3,0,2.5326302,215.33333,0.020001117,62988.668,0.0020890005,200.41667,266.92667,2.994664,"{""type"":""Point"",""coordinates"":[89.23437537438608,38.13820080900672]}"
2_00000000000000000a97,51,56,62,67,75,214,68,0,163,3,-51,13,8,2,0,0,0,0,-1,556,-57,-52,-50,-22,-36,-28,-2,2,-26,2,1,0,-2,-2,-3,0,1.5705539,317.25,0.005834451,101183.336,0.0049430006,182.08333,289.1,1.7399973,"{""type"":""Point"",""coordinates"":[88.93415747776072,42.987486581932274]}"
2_00000000000000000495,26,26,33,58,80,187,49,0,4269,21,29,-157,43,-15,-119,91,-25,0,-5,452,98,-57,0,87,-135,-6,-2,18,826,-150,30,-17,-144,73,-26,-2,26.661312,247.5,0.06416778,61576.668,0.004064334,201.41667,272.91333,1.9339973,"{""type"":""Point"",""coordinates"":[99.64360277332696,32.86122481764096]}"
2_00000000000000000553,21,20,24,50,64,189,41,0,4735,11,-202,-49,22,19,-55,89,-31,1,-18,-1898,-1,70,19,-6,91,-45,8,8,-11,-75,55,13,-65,117,-46,0,2.419305,221.66667,0.059167784,56531.332,0.0032533337,215.08333,267.74667,3.1079974,"{""type"":""Point"",""coordinates"":[97.7884026982429,33.942975978600614]}"
2_00000000000000000c27,46,56,67,81,101,205,91,0,739,6,235,-74,-36,-3,-33,-39,-20,0,-14,-789,-328,-159,-6,-140,-140,-37,2,3,97,-41,-16,0,-17,-13,0,0,9.210531,259.0,0.022501117,92672.0,0.0039070006,175.33333,275.18997,2.8613307,"{""type"":""Point"",""coordinates"":[88.22215051705176,45.38679508575989]}"
2_000000000000000000d9,27,29,32,49,56,188,43,0,4142,7,303,-49,33,2,-27,43,-25,-1,-18,470,-14,34,6,-36,68,-33,-2,5,8,-65,34,2,-40,63,-33,0,12.110224,216.0,0.06750111,60354.668,0.0027200005,203.33333,267.23666,3.0993307,"{""type"":""Point"",""coordinates"":[99.6727073259028,37.6903019445923]}"
2_00000000000000000a93,40,45,49,62,79,203,66,0,2364,8,529,-14,10,8,-27,20,-12,-2,2,-487,-35,-46,-34,-51,-21,-21,2,6,470,-25,0,3,-34,20,-15,-1,28.302067,249.41667,0.047501117,74781.336,0.0030806672,174.58333,273.96332,2.504664,"{""type"":""Point"",""coordinates"":[87.30209527849216,42.81905295784046]}"
2_00000000000000000636,30,30,32,62,59,197,43,0,1156,19,60,-59,-39,27,0,-16,27,0,-12,280,86,-23,-52,9,0,7,-1,16,396,-49,-60,25,7,-15,26,0,24.363228,308.75,0.076667786,87990.0,0.006502334,161.0,283.38666,2.1619973,"{""type"":""Point"",""coordinates"":[107.60150625465178,34.944958280815165]}"
2_00000000000000000522,21,24,25,53,59,189,33,0,4886,9,971,-148,58,-13,-57,63,-24,-3,-28,620,-47,-92,0,-65,69,-35,-4,7,1025,-182,64,-18,-78,62,-25,-4,24.242292,230.0,0.046667784,58334.668,0.0033020005,213.83333,269.91333,2.1839974,"{""type"":""Point"",""coordinates"":[95.90409361148197,33.81442901343188]}"
2_0000000000000000070b,41,32,24,11,3,170,2,0,4881,-7,-2360,-1,38,12,-16,-17,-2,10,-41,-313,-36,86,-72,-64,85,-52,0,-5,-1995,7,64,-9,49,-19,11,8,0.0,200.91667,0.042501118,52293.332,0.0023930005,218.16667,262.86,3.8293307,"{""type"":""Point"",""coordinates"":[90.56621521792823,35.92564837549951]}"
2_00000000000000000111,48,60,73,80,97,201,89,0,3525,3,-169,10,3,6,3,6,3,0,0,-976,-16,-39,-30,-14,-5,30,4,3,-164,5,0,1,5,8,3,0,5.669104,228.08333,0.01583445,63366.0,0.0025863338,208.33333,271.29333,2.8553307,"{""type"":""Point"",""coordinates"":[89.88358481495936,37.88622146757754]}"
2_00000000000000000978,49,54,61,67,85,212,78,0,1293,4,76,17,6,-1,-4,-1,0,0,-1,732,-59,-69,-59,-45,-26,-18,-3,3,139,7,-3,-6,-3,-1,-2,0,4.4516206,269.41666,0.01083445,85665.336,0.0023933337,184.0,280.49664,2.626664,"{""type"":""Point"",""coordinates"":[89.77336029601925,41.49367881082579]}"
2_00000000000000000b78,49,59,69,76,94,206,79,0,1382,4,-263,15,-4,0,-1,-2,0,1,-3,-256,-83,-88,-38,-46,-38,-33,1,3,-463,-2,-17,-6,-5,-11,-8,2,2.5858676,264.83334,0.027501117,86963.336,0.0031716672,177.75,279.24,3.9539974,"{""type"":""Point"",""coordinates"":[92.67285508321399,44.20371531246174]}"
2_0000000000000000071d,26,27,30,35,38,184,29,0,4214,5,128,-5,12,-6,-14,4,-3,0,-11,1136,-31,57,33,-58,19,24,-5,4,240,-11,14,-4,-14,7,-4,0,28.569695,229.83333,0.057501115,62148.0,0.0029040005,219.08333,271.72,2.7626638,"{""type"":""Point"",""coordinates"":[98.32361522038485,35.96607458565005]}"
2_00000000000000000760,14,13,13,12,9,207,7,0,4018,4,103,11,0,-2,-4,3,-8,0,0,190,15,51,24,-47,-21,-22,0,4,63,7,1,-2,-5,6,-9,0,29.777037,232.33333,0.020001117,64482.0,0.0030460004,228.58333,273.11667,2.3493307,"{""type"":""Point"",""coordinates"":[95.99410502534681,36.08195770382701]}"
2_00000000000000000390,47,56,65,68,85,212,83,0,892,2,38,11,1,0,7,-2,4,0,3,350,8,-41,-17,2,-26,6,-1,1,37,7,-1,-1,7,-2,3,0,15.313001,314.91666,0.005834451,91384.664,0.005494334,179.83333,287.56998,1.7359972,"{""type"":""Point"",""coordinates"":[87.67669543979004,39.819308660762125]}"
2_00000000000000000851,36,41,48,54,60,208,51,0,2693,2,104,14,0,0,4,0,-2,0,0,508,-1,-12,-1,2,-19,-63,-2,2,118,11,-1,-1,2,-3,-4,0,1.4844546,257.41666,0.011667784,73532.664,0.0032533337,223.41667,279.77667,2.1853306,"{""type"":""Point"",""coordinates"":[96.31722932408373,36.87642682031735]}"
2_00000000000000000800,34,42,50,54,65,206,54,0,2701,2,120,12,0,0,6,0,-1,0,1,468,5,0,18,5,-13,-33,-2,3,127,14,2,0,4,-2,-3,0,0.0,258.41666,0.01083445,73540.664,0.0031963338,222.25,279.8633,2.212664,"{""type"":""Point"",""coordinates"":[96.55061421412002,36.642506838154624]}"
2_000000000000000007f7,36,32,34,33,17,158,13,0,4421,2,-40,-28,0,-3,1,13,3,0,-19,-555,-159,21,36,-72,16,9,1,1,52,-27,1,-4,0,10,3,0,28.230211,231.91667,0.03333445,63101.332,0.0024630004,215.91667,272.66333,4.461331,"{""type"":""Point"",""coordinates"":[92.91863181507782,36.559233125981535]}"
2_0000000000000000053a,23,17,13,36,19,186,11,0,1984,25,2009,-256,75,-33,-24,-3,10,-8,-26,-1175,65,-39,1,31,-7,-13,4,24,3448,-293,4,-63,-35,10,23,-15,28.657734,307.75,0.09250112,85078.0,0.0062740003,146.66667,281.78,1.2739972,"{""type"":""Point"",""coordinates"":[108.5487798460416,33.67375329339776]}"
2_00000000000000000558,21,21,22,74,64,192,32,0,4393,15,-150,-136,54,-10,-96,81,-55,1,-24,-2762,-30,-96,-6,-76,-52,-30,12,11,-397,-150,32,-5,-117,89,-60,2,10.923411,235.33333,0.06333445,60599.332,0.0035866671,208.5,270.76334,1.8993306,"{""type"":""Point"",""coordinates"":[100.1623790489859,34.009541439126444]}"
2_00000000000000000cb2,47,54,63,73,93,205,76,0,943,4,35,-26,6,28,-27,-32,0,0,-23,-605,-331,-178,39,-208,-134,-16,1,2,-2,-31,-11,9,-18,-15,8,0,7.849346,266.91666,0.024167784,91341.336,0.0036193337,169.5,277.8,1.6979972,"{""type"":""Point"",""coordinates"":[89.21119696711027,46.774694747745976]}"
2_000000000000000000c4,57,65,73,84,51,215,41,0,4462,5,4,-8,13,8,2,9,-4,0,-19,-1127,-25,20,109,-41,15,-42,4,3,-40,-13,9,12,-3,8,-5,0,3.885016,215.41667,0.01833445,57530.0,0.0019353337,212.33333,268.47,2.9619973,"{""type"":""Point"",""coordinates"":[90.6025970234233,37.748243503680776]}"
2_00000000000000000757,34,29,27,28,15,160,14,0,4985,1,-96,-34,-18,13,13,0,1,0,-37,-1297,-132,-28,91,-59,207,-43,4,0,-76,-25,-11,9,6,0,4,0,27.98043,210.0,0.05583445,55438.0,0.0023016671,216.16667,265.94,4.539997,"{""type"":""Point"",""coordinates"":[92.11742499689572,36.192989320057805]}"
2_000000000000000006a3,28,29,30,50,47,194,32,0,2124,15,-37,-85,66,-30,-16,-19,39,0,-13,568,52,-108,-10,10,0,-54,-3,10,939,-83,52,-12,-7,-34,32,-3,4.345474,270.16666,0.06333445,76974.664,0.0047936672,176.75,276.86664,1.9999973,"{""type"":""Point"",""coordinates"":[106.12063433570134,35.50227456687905]}"
2_00000000000000000628,23,24,23,50,62,188,38,0,3844,16,219,-167,68,-17,-85,42,-18,0,-16,-107,36,-80,-8,-154,-58,27,0,12,219,-184,34,-15,-114,37,-4,0,3.8725104,233.41667,0.06333445,62662.668,0.003462667,208.0,270.76,1.9026638,"{""type"":""Point"",""coordinates"":[101.95397896574467,34.88109057642666]}"
2_0000000000000000055d,26,24,30,52,70,193,50,0,3425,15,-351,-86,13,-6,-62,43,10,2,-1,-371,115,-106,-36,130,-126,-21,1,13,-509,-116,15,-31,-59,22,29,3,1.4529333,250.25,0.07083445,66051.336,0.0043250006,210.58333,275.01666,2.178664,"{""type"":""Point"",""coordinates"":[102.22024080784801,34.00226864530828]}"
2_0000000000000000050a,25,19,14,33,28,189,13,0,1679,18,-1315,-123,102,-67,-27,-19,68,7,-21,2078,118,-101,-22,86,-6,-84,-10,15,120,-88,68,-39,-4,-55,105,0,37.779324,293.91666,0.07083445,79746.664,0.005557,149.91667,279.07,1.5559973,"{""type"":""Point"",""coordinates"":[106.53862155024926,33.54951381984665]}"
2_0000000000000000050f,25,21,16,68,43,190,19,0,1333,37,582,-273,49,23,-98,14,83,-1,-17,-896,183,19,-36,85,53,4,3,31,1530,-203,9,11,-90,33,115,-5,27.645916,311.41666,0.09916779,85501.336,0.0065563335,144.16667,282.27,1.3919972,"{""type"":""Point"",""coordinates"":[108.38439062660527,33.58994002999719]}"
2_00000000000000000980,50,57,65,69,90,210,90,0,1135,3,-9,13,0,3,5,-2,3,0,3,-164,-25,-32,-14,-19,-9,0,0,2,-84,7,-1,2,5,0,3,0,0.92740995,280.91666,0.010001117,88439.336,0.0034446672,202.08333,284.88,3.714664,"{""type"":""Point"",""coordinates"":[93.4220509467087,41.42280139958128]}"
2_00000000000000000a3f,115,141,137,132,11,165,10,0,4376,0,2187,-46,44,-20,19,36,-27,-10,-62,5719,-28,63,53,-49,-104,-88,-31,0,375,-25,24,-16,4,-3,-6,-1,14.693717,221.0,0.046667784,62010.668,0.0022383337,166.5,266.19998,2.4119973,"{""type"":""Point"",""coordinates"":[85.3180762330751,42.58674717025908]}"
2_00000000000000000042,46,53,61,74,90,205,76,0,1523,8,290,-11,5,-3,-11,0,-1,0,3,-454,25,35,-8,51,-6,11,2,7,269,-15,6,0,-10,5,3,0,2.1891255,284.25,0.03083445,85579.336,0.0050820005,189.91667,281.60666,2.974664,"{""type"":""Point"",""coordinates"":[106.38581707534976,37.20332351854546]}"
2_00000000000000000b9c,33,30,33,33,41,212,39,0,814,0,-223,7,7,4,2,3,-1,1,-11,-1852,-134,-106,-61,-63,-36,-35,8,0,64,5,2,-2,4,9,5,0,2.2626257,278.0,0.035001114,91838.0,0.0036500003,177.75,281.92667,2.6839972,"{""type"":""Point"",""coordinates"":[93.27787037324659,44.376728433335444]}"
2_000000000000000003ab,45,53,61,64,83,214,79,0,1300,2,47,17,4,0,-1,-1,-2,0,6,-922,-62,-38,-32,-43,-17,-34,4,2,5,11,0,-1,-2,-2,-4,0,6.6269064,282.58334,0.00833445,87456.664,0.0044690003,196.41667,283.21664,2.4246638,"{""type"":""Point"",""coordinates"":[99.32074602065326,39.92548877504679]}"
2_0000000000000000024a,39,50,59,67,97,210,96,0,3529,3,-38,-5,-1,4,0,12,10,0,-11,343,-194,-112,-38,-11,66,58,-2,2,23,-12,-4,0,-4,8,6,0,2.2021406,230.75,0.022501117,66392.0,0.0028693338,200.16667,271.34332,2.5453305,"{""type"":""Point"",""coordinates"":[95.34516313083674,38.72192389150911]}"
2_0000000000000000079b,45,50,55,59,67,171,59,0,5260,0,-168,24,17,-47,-43,75,-40,0,-14,-413,142,62,601,628,-787,217,3,0,-106,23,11,-34,-33,56,-29,0,15.796829,202.25,0.03333445,52596.0,0.0027503339,208.75,262.22333,2.6553307,"{""type"":""Point"",""coordinates"":[86.50304666521993,36.25847567812871]}"
2_000000000000000004ae,28,31,40,58,78,184,62,0,4557,14,125,-98,37,6,-73,68,-27,0,-1,1186,82,-7,13,-9,-57,-35,-5,14,262,-134,39,9,-100,84,-34,0,18.778233,238.91667,0.054167785,59040.668,0.0034890005,214.91667,272.28,1.4379972,"{""type"":""Point"",""coordinates"":[96.37436378588153,33.036935694651994]}"
2_00000000000000000a7b,56,65,73,77,89,211,80,0,811,3,100,4,2,0,-7,1,0,0,-6,916,-113,-94,-48,-54,-96,-67,-4,2,87,0,0,-1,-5,0,0,0,1.5665793,280.41666,0.0075011174,92016.664,0.0042933337,196.83333,283.20667,1.8706639,"{""type"":""Point"",""coordinates"":[93.83787995634674,42.74682889807778]}"
2_000000000000000007a2,39,47,56,64,74,201,66,0,4750,3,261,0,5,7,-5,7,-3,-1,-10,835,15,19,21,-63,20,-61,-4,3,225,-3,4,8,-11,8,-7,0,2.481442,210.75,0.039167784,55886.0,0.0023996672,209.33333,265.41998,4.102664,"{""type"":""Point"",""coordinates"":[91.16422526020587,36.35387814516718]}"
2_0000000000000000066d,29,26,24,44,42,195,27,0,972,15,36,-112,-6,1,-41,-5,31,0,-8,904,82,-18,-12,32,-32,11,-4,13,478,-117,-15,8,-42,-17,43,-1,22.766506,310.66666,0.080001116,89862.0,0.0070150006,162.91667,283.81665,2.398664,"{""type"":""Point"",""coordinates"":[108.0607267766409,35.17160546915971]}"
2_00000000000000000540,30,38,47,57,65,186,48,0,5103,6,-79,2,0,14,-13,15,-9,0,-7,-1942,83,47,23,-28,19,6,8,5,-72,4,0,15,-15,13,-5,0,2.9965436,219.0,0.05583445,54414.0,0.0032523337,220.0,267.40332,4.4299974,"{""type"":""Point"",""coordinates"":[90.05875614074293,34.06451769601438]}"
2_000000000000000008b4,27,27,28,52,52,192,38,0,2627,14,670,-66,25,0,-48,24,0,-2,-3,-785,151,-41,-27,43,-43,-3,3,14,433,-71,11,-1,-52,18,11,-1,44.816917,248.91667,0.052501116,70247.336,0.003950667,189.25,274.01666,4.0639973,"{""type"":""Point"",""coordinates"":[102.60803990826409,36.96185427829927]}"
2_000000000000000001e7,44,47,50,67,61,207,49,0,1081,8,187,-4,-7,-1,-38,19,3,0,-6,110,22,-38,-4,12,-6,0,0,7,233,-3,-11,0,-41,18,7,0,1.5054336,308.5,0.0050011175,89261.336,0.005188334,186.83333,286.72,1.0433306,"{""type"":""Point"",""coordinates"":[86.15000625751546,38.56669812473759]}"
2_00000000000000000569,23,17,12,29,18,185,9,0,1443,20,129,-239,55,20,-16,-32,52,0,-22,-16,77,-58,-39,66,20,-36,-1,18,1274,-279,18,14,-54,-24,74,-4,35.66735,287.91666,0.091667786,78831.336,0.005103667,145.83333,277.87,1.5779972,"{""type"":""Point"",""coordinates"":[107.92840295287989,33.93327743380935]}"
2_000000000000000007cd,26,22,19,58,43,193,24,0,1263,27,205,-251,72,15,-34,-9,49,0,-13,-898,110,-21,-53,2,-16,-17,3,24,111,-268,69,13,-62,2,60,0,24.306938,294.83334,0.075834446,87208.664,0.006024667,178.0,282.61667,1.2673305,"{""type"":""Point"",""coordinates"":[109.22305835273737,36.273025724866116]}"
2_0000000000000000024b,44,52,58,66,79,206,71,0,3650,4,253,-19,12,3,-3,19,-2,-1,-21,-731,-235,-36,84,6,27,62,2,2,210,-27,7,2,-8,13,-1,0,2.5550392,223.91667,0.025001116,64009.332,0.002654667,192.5,268.67334,2.8073306,"{""type"":""Point"",""coordinates"":[95.94398027040505,38.87095596691737]}"
2_000000000000000006e9,34,37,40,75,68,202,55,0,1188,17,1511,-25,-56,60,-46,-2,-6,-6,-11,338,2,-28,-75,2,-46,0,-2,14,2057,-16,-60,36,-21,-24,-8,-8,7.9209666,299.25,0.06333445,86098.664,0.006107667,179.5,283.34665,2.2319973,"{""type"":""Point"",""coordinates"":[107.11884423842469,35.6642380353423]}"
2_00000000000000000523,34,34,36,35,28,203,26,0,5096,0,-150,3,11,0,-2,8,5,0,-38,33,-102,20,16,-45,10,8,-1,0,-79,0,8,-3,-2,4,1,0,19.859035,221.41667,0.05333445,55933.332,0.0030563336,215.33333,267.73334,2.290664,"{""type"":""Point"",""coordinates"":[96.25740156524964,33.86240002256484]}"
2_00000000000000000326,54,44,41,40,17,163,15,0,4005,1,-59,-104,-33,-20,-12,13,3,0,-24,-767,-265,-16,30,-81,0,99,2,1,382,-68,-15,-17,-7,15,-8,-1,23.76601,219.33333,0.02083445,64780.668,0.002235667,186.83333,267.16,3.5719974,"{""type"":""Point"",""coordinates"":[95.78174479677752,39.4870209093604]}"
2_000000000000000004e3,26,21,15,50,36,191,16,0,1041,33,1503,-294,66,-52,-35,-59,20,-5,-20,-1280,150,-51,-26,87,61,5,5,24,3961,-222,38,-96,-3,-33,16,-17,7.9312153,317.58334,0.10333445,86834.664,0.007067667,142.5,283.15332,1.4593306,"{""type"":""Point"",""coordinates"":[108.20005584815688,33.25361233304103]}"
2_00000000000000000489,28,32,37,48,61,181,48,0,5103,7,-54,-21,4,7,-31,51,-21,0,-13,-312,90,12,2,-9,164,3,0,6,35,-17,11,13,-38,65,-26,0,11.247523,223.41667,0.075834446,55196.668,0.0036820003,224.58333,268.72,3.420664,"{""type"":""Point"",""coordinates"":[92.5620910130464,32.90865627554646]}"
2_0000000000000000010a,31,30,30,30,19,170,16,0,3549,0,77,-12,-7,6,4,1,-4,0,-14,-677,-108,-11,-14,-21,52,-5,2,0,146,-17,-8,14,2,3,-6,0,46.21423,215.41667,0.039167784,63900.668,0.0022320005,192.25,265.68332,2.0913305,"{""type"":""Point"",""coordinates"":[86.89947412617443,37.926647677728084]}"
2_00000000000000000850,35,41,50,52,63,210,52,0,2687,2,67,15,-1,4,10,-1,2,0,1,1056,24,-19,-33,-4,4,-45,-4,2,147,16,-6,0,11,-1,-1,0,1.1581596,258.16666,0.015001117,73716.0,0.0031780005,227.16667,280.35333,1.9333305,"{""type"":""Point"",""coordinates"":[95.93616346625834,36.80069790712668]}"
2_00000000000000000040,34,33,34,50,52,201,39,0,1852,7,203,-61,-11,-3,-11,15,8,0,-3,-2247,-45,-21,5,13,-19,2,10,7,204,-69,-13,0,-17,16,12,0,14.563553,271.58334,0.027501117,81312.664,0.0046180002,199.58333,279.83667,2.8893306,"{""type"":""Point"",""coordinates"":[105.45687038928962,37.242398621076816]}"
2_00000000000000000adc,26,25,25,49,48,187,29,0,2836,11,32528,-1257,-1001,-871,-223,-145,106,-156,-28,167,-254,-29,47,-103,64,74,-2,7,192,-182,55,-28,-79,74,-11,0,10.992985,249.25,0.056667782,74802.0,0.002969334,167.41667,273.25998,2.8253307,"{""type"":""Point"",""coordinates"":[87.3212292811125,43.23057001675982]}"
2_00000000000000000ce7,40,42,45,66,85,205,61,0,494,14,-260,-66,9,-6,-45,1,-27,1,-15,1813,-301,-292,-33,-31,-74,-17,-9,7,152,-90,-14,4,-49,14,-9,0,1.6560314,272.83334,0.020001117,95694.0,0.0040920004,171.91667,278.88333,2.0339973,"{""type"":""Point"",""coordinates"":[87.68019583411699,47.48589015206322]}"
2_00000000000000000414,56,67,78,81,93,211,86,0,1053,2,190,15,2,2,2,-1,0,0,-4,1357,-46,-24,-53,8,-5,-7,-6,1,195,10,1,0,1,-1,0,0,3.054701,286.16666,0.0075011174,89513.336,0.0035343338,200.58333,285.53665,2.6086638,"{""type"":""Point"",""coordinates"":[93.85081580850279,40.25561832153865]}"
2_000000000000000007b1,42,51,59,66,86,208,77,0,2852,5,203,0,6,6,-17,7,0,0,-2,611,10,-25,-9,-19,-40,-64,-2,4,183,-2,3,3,-15,4,-5,0,2.4807575,262.41666,0.02083445,72092.664,0.0034493338,217.75,280.27667,1.8253306,"{""type"":""Point"",""coordinates"":[97.60002351513903,36.32881353814577]}"
2_0000000000000000007c,46,57,67,76,99,203,90,0,3475,5,152,8,2,0,-2,0,0,0,7,79,-11,0,-17,-34,-43,-23,0,5,244,6,0,-1,-3,-4,-4,0,7.4220915,229.75,0.014167784,65364.668,0.0024000003,222.41667,273.28333,2.0073307,"{""type"":""Point"",""coordinates"":[95.86771180598691,37.538304566983484]}"
2_00000000000000000b4a,27,28,29,71,71,199,42,0,3179,10,-491,-50,31,11,-56,65,-51,2,-30,-102,-130,-81,-5,-141,16,-1,0,6,480,-109,33,-11,-64,51,-45,-1,25.644697,198.16667,0.084167786,64446.668,0.0017016671,182.66667,261.19,4.706664,"{""type"":""Point"",""coordinates"":[88.43020325400343,43.87547196571549]}"
2_000000000000000006a8,31,31,32,69,62,201,42,0,1249,17,261,-136,11,21,-115,74,1,0,-9,370,57,-25,-50,45,-86,46,-2,14,375,-126,2,6,-110,52,23,0,2.4573963,298.75,0.076667786,87348.664,0.006374667,168.5,282.15,2.2379973,"{""type"":""Point"",""coordinates"":[108.346657713491,35.45592221142847]}"
2_00000000000000000b90,39,43,46,56,69,208,60,0,489,6,252,-22,7,11,-16,-11,9,0,-19,118,-300,-152,11,-107,-132,-10,-1,3,200,-44,-8,4,-18,-13,6,0,1.5940565,276.75,0.022501117,95736.0,0.0042873337,172.58333,278.8033,3.2459972,"{""type"":""Point"",""coordinates"":[88.22161096582428,44.34600968617825]}"
2_000000000000000009cd,48,52,59,60,73,211,61,0,701,3,-10,18,5,1,8,-2,0,0,-1,345,-1,-43,-13,-3,-37,-32,-1,2,-3,9,1,-2,5,-3,0,0,2.2337253,287.41666,0.010001117,92808.0,0.0031433338,182.5,284.0,1.2946639,"{""type"":""Point"",""coordinates"":[89.04303088908166,41.917592170673736]}"
2_00000000000000000292,46,52,59,64,80,209,73,0,3254,3,67,16,8,0,0,-2,2,0,0,242,-9,-10,-39,-57,12,8,-1,2,77,11,4,-2,0,-2,2,0,2.2053006,233.08333,0.015001117,68927.336,0.0026023337,202.58333,272.63,2.768664,"{""type"":""Point"",""coordinates"":[94.67142863446949,39.0709198945581]}"
2_00000000000000000acb,43,45,49,51,67,209,64,0,729,2,-32768,-1901,-1746,-1864,436,754,845,200,-9,-3185,-174,-126,-64,-72,-33,-73,14,1,-165,-1,0,-2,1,1,0,0,2.706356,279.16666,0.01833445,92026.0,0.0032856672,193.5,284.27332,4.3039975,"{""type"":""Point"",""coordinates"":[95.58851857082854,43.19850016198343]}"
2_000000000000000005d3,40,40,42,65,55,203,46,0,546,16,665,-61,-45,31,-28,26,-50,-2,-9,-782,44,37,-39,-30,16,56,3,13,329,-56,-39,23,-45,39,-39,0,3.849159,335.25,0.076667786,95142.664,0.008611334,176.66667,289.62,4.5859976,"{""type"":""Point"",""coordinates"":[110.29833935806847,34.57494207540022]}"
2_000000000000000000c5,53,64,75,82,97,203,90,0,3845,3,-30,-4,0,0,-4,-1,-2,0,-10,-1418,-109,-54,55,-11,-81,-44,6,2,-52,-6,-1,3,-7,-4,-4,0,6.5683293,233.75,0.015001117,63256.0,0.002195667,208.75,273.26,3.1633306,"{""type"":""Point"",""coordinates"":[91.03324808496299,37.64421713520494]}"
2_0000000000000000054d,27,30,34,61,76,189,50,0,4669,12,-108,-64,28,14,-48,60,-32,1,-4,765,45,-23,23,31,0,-25,-3,10,-135,-79,32,11,-57,64,-32,1,14.087581,226.83333,0.04833445,57939.332,0.0031990004,216.58333,269.34,2.2779973,"{""type"":""Point"",""coordinates"":[95.29557792712241,34.02193774005502]}"
