system:index,B1,B10,B11,B2,B3,B4,B5,B6,B7,B8,B9,Built,DEM,EVI,EVI_constant,EVI_cos_1,EVI_cos_2,EVI_cos_3,EVI_sin_1,EVI_sin_2,EVI_sin_3,EVI_t,NDBI,NDBI_constant,NDBI_cos_1,NDBI_cos_2,NDBI_cos_3,NDBI_sin_1,NDBI_sin_2,NDBI_sin_3,NDBI_t,NDVI,NDVI_constant,NDVI_cos_1,NDVI_cos_2,NDVI_cos_3,NDVI_sin_1,NDVI_sin_2,NDVI_sin_3,NDVI_t,SLOPE,lrad,prec,pres,shum,srad,temp,wind,.geo
1_0000000000000000001c,42,186,185,37,31,30,31,23,21,27,1,1,1064,7,-193,-80,-23,-8,-2,8,-10,0,-16,-88,-16,-17,-29,21,-6,15,0,4,44,-73,-11,0,-11,13,9,0,0.0,279.25,0.048751116,88844.0,0.0042490005,173.25,280.845,3.4409974,"{""type"":""Point"",""coordinates"":[111.6956700187826,40.82721710827671]}"
1_00000000000000000028,43,204,200,40,39,42,61,53,44,39,0,1,1261,12,108,-56,20,8,-20,13,-1,0,-13,145,16,-34,-22,-9,-32,8,0,8,89,-30,5,-9,-19,-4,8,0,2.6244764,260.625,0.052501116,85205.0,0.0042800005,178.25,276.90997,3.473997,"{""type"":""Point"",""coordinates"":[115.28641465128251,40.97894248072127]}"
1_00000000000000000029,32,197,196,28,26,27,61,62,42,26,1,1,1155,26,790,-155,63,7,-81,54,-9,-1,-9,1314,125,-8,-6,13,-88,-44,-4,20,823,-135,31,-1,-85,30,-1,-1,11.94349,271.5,0.050001115,89002.0,0.0048245005,178.625,279.22498,3.2699971,"{""type"":""Point"",""coordinates"":[115.6235539046304,40.837187658232224]}"
1_00000000000000000051,43,207,205,42,46,56,78,86,74,49,0,1,1035,14,764,-31,16,-3,-33,17,-1,-2,-5,947,44,-28,-44,9,13,23,-3,11,653,-9,0,0,-27,19,5,-1,1.8543341,278.125,0.017501116,90119.0,0.0044050002,192.125,282.26,3.2899973,"{""type"":""Point"",""coordinates"":[107.0948587338582,41.07757779602349]}"
1_0000000000000000005f,36,204,202,34,35,45,74,88,74,39,1,1,1632,17,-156,-55,17,6,-35,34,-8,1,-4,1527,-21,-4,-9,0,-2,14,-5,13,560,-52,10,2,-37,29,-5,-1,3.079635,255.25,0.047501117,81422.0,0.0033070005,175.5,275.90997,3.4889975,"{""type"":""Point"",""coordinates"":[111.4954340859776,41.11045474809055]}"
1_00000000000000000065,39,203,200,35,30,30,48,39,30,36,0,1,1412,12,238,-79,13,8,-33,2,4,0,-12,251,37,-27,-5,16,-6,-2,-1,10,341,-74,4,7,-44,10,7,0,0.0,271.25,0.041251116,86278.0,0.0040115006,173.5,279.33002,2.5939972,"{""type"":""Point"",""coordinates"":[113.09973392208741,41.03041388418119]}"
1_00000000000000000077,43,200,199,39,31,28,32,28,28,32,1,1,503,21,817,-132,-25,5,-45,21,17,-2,-11,1417,-35,-58,-22,31,-14,-13,-5,15,703,-88,-31,8,-29,4,15,-1,0.0,287.5,0.056251116,94608.0,0.0055625,170.125,281.61,2.2229972,"{""type"":""Point"",""coordinates"":[118.69660136392636,41.008854130587785]}"
1_000000000000000000b9,40,177,176,35,27,26,26,27,24,23,1,1,557,9,-168,-109,6,-11,-6,22,5,0,-10,1900,-2,-47,-4,-8,-27,8,-6,6,-414,-80,-21,-1,-2,7,13,1,1.5439274,280.625,0.052501116,91707.0,0.0049290005,162.875,279.72,1.9989972,"{""type"":""Point"",""coordinates"":[117.72749601377885,41.3096115784406]}"
1_000000000000000000eb,39,204,202,37,40,50,81,93,76,44,1,1,1482,18,243,-75,27,10,-49,56,-24,0,-9,2541,-52,-75,-26,-16,-54,1,-8,14,687,-83,8,14,-53,43,-17,-1,1.8543341,261.625,0.037501115,84672.0,0.0035695005,178.0,277.755,4.0479975,"{""type"":""Point"",""coordinates"":[111.7013286180194,41.55242746720494]}"
1_000000000000000000fa,35,200,199,31,31,34,71,63,47,32,0,1,1235,18,213,-101,30,1,-43,48,-11,0,-8,2379,50,-65,-16,-7,-62,-9,-8,13,843,-66,4,0,-48,21,-6,-2,3.7047918,263.625,0.04625112,86832.0,0.0043585002,171.0,276.72998,3.3559973,"{""type"":""Point"",""coordinates"":[116.37571061122462,41.64109223255167]}"
1_0000000000000000013a,46,206,203,44,45,54,69,78,71,57,0,1,1416,10,-525,-53,31,15,-4,27,0,2,-10,1598,-74,-52,-60,-67,-55,-50,-5,6,159,-34,8,2,-13,14,-8,0,0.92740995,259.125,0.047501117,85476.0,0.004358,175.375,276.12,3.7429974,"{""type"":""Point"",""coordinates"":[115.70520896312112,41.664805731953884]}"
1_00000000000000000170,47,206,204,47,51,64,82,94,84,59,0,1,1409,11,-109,-19,8,5,-12,18,-7,0,-5,-213,-76,-39,1,-17,-16,-5,0,8,68,-26,2,4,-12,15,-10,0,3.0466094,265.625,0.040001117,85854.0,0.0038545006,175.625,278.28,3.7209973,"{""type"":""Point"",""coordinates"":[113.47702738042159,41.99062332772707]}"
1_0000000000000000017d,48,204,202,45,44,46,53,50,50,43,0,1,905,10,-85,-62,28,-14,4,29,-10,0,-13,1438,0,-35,8,-38,-11,8,-5,7,-43,-34,12,-4,-1,15,-7,0,2.660945,263.75,0.060001116,87877.0,0.00442,166.625,276.32,2.3389974,"{""type"":""Point"",""coordinates"":[117.66712870371727,41.9997867803919]}"
1_0000000000000000017e,43,203,202,40,40,51,67,78,75,46,0,1,866,12,-218,-67,30,-16,-10,21,-6,1,-2,2597,40,-22,9,-47,-18,4,-8,9,92,-39,14,-2,-16,12,-1,0,5.306759,273.0,0.058751114,91040.0,0.0048300005,167.0,278.35498,2.3299973,"{""type"":""Point"",""coordinates"":[117.74932777253649,41.948854928159435]}"
1_000000000000000001f6,42,205,203,40,42,53,77,86,77,43,1,1,464,20,-178,-91,28,-6,-65,59,-24,1,-4,37,42,-52,-4,41,-52,22,0,15,-18,-53,-6,8,-54,28,7,0,3.1174774,283.125,0.043751117,95422.0,0.004652,180.375,281.985,3.1719973,"{""type"":""Point"",""coordinates"":[119.43824796933757,42.33476782882992]}"
1_000000000000000001f8,45,204,202,44,45,55,78,86,77,45,1,1,554,17,-229,-66,25,3,-45,43,-19,1,-3,1133,37,-63,9,7,-32,16,-3,13,44,-39,-5,12,-40,26,0,0,2.238344,278.875,0.043751117,94088.0,0.0045410004,179.375,280.885,3.2799973,"{""type"":""Point"",""coordinates"":[119.90959278709099,42.336654028575516]}"
1_000000000000000002ce,51,206,205,51,54,62,71,76,69,61,0,1,959,7,-183,-21,8,-6,1,3,-2,0,-4,-296,-13,-11,7,7,6,-3,0,5,-118,-14,0,-3,2,1,1,0,1.8543341,265.375,0.016251117,90795.0,0.0035650004,184.25,279.40497,4.2209973,"{""type"":""Point"",""coordinates"":[111.98402670660576,43.645591929107184]}"
1_000000000000000002ec,48,205,203,46,43,47,67,68,59,43,0,1,238,15,-568,-96,16,10,-20,43,-22,2,-7,1946,10,-17,-28,-21,5,40,-6,12,41,-61,-5,1,-21,27,0,0,1.2806244,288.125,0.042501114,98741.0,0.0047470005,168.0,282.25,2.7849972,"{""type"":""Point"",""coordinates"":[121.30099284340406,43.6035515243753]}"
1_000000000000000002ef,45,204,201,42,39,44,55,60,55,41,0,1,179,12,-909,-72,27,-13,-33,25,-22,3,-5,1966,5,-80,-13,1,-36,47,-6,9,176,-47,4,-2,-24,14,-7,0,1.5805694,288.0,0.047501117,99421.0,0.0052215005,167.875,281.735,2.599997,"{""type"":""Point"",""coordinates"":[122.23209773437408,43.57956601980882]}"
1_00000000000000000325,50,204,203,49,54,60,73,72,63,46,0,1,1113,11,800,-18,25,-1,-14,4,-2,-2,-13,-1357,-53,-64,-14,0,-13,13,4,8,-68,-20,2,4,-13,10,0,0,2.7392728,256.875,0.026251117,88079.0,0.0037470004,179.125,276.59998,4.6629972,"{""type"":""Point"",""coordinates"":[114.94307724747034,44.02234583621388]}"
1_00000000000000000332,38,202,201,35,36,44,76,81,65,42,0,1,628,23,326,-76,28,-9,-59,29,-12,0,-7,445,14,5,13,29,-64,-19,-1,20,962,-56,10,6,-60,5,5,-2,1.5880411,271.125,0.04625112,93966.0,0.0042805006,179.375,279.43,2.4869974,"{""type"":""Point"",""coordinates"":[119.22076423365783,44.00833088160291]}"
1_00000000000000000352,39,207,202,34,30,28,59,44,31,31,0,1,362,23,240,-129,-15,7,-51,-11,-3,0,-16,-401,32,-9,-20,-1,13,4,0,14,-231,-110,-20,7,-45,-5,-14,1,4.338036,337.75,0.052501116,97791.0,0.0075445008,162.5,288.875,2.4059973,"{""type"":""Point"",""coordinates"":[110.9683014549445,34.99077108503827]}"
1_00000000000000000357,45,192,191,41,35,33,34,26,23,33,0,1,406,11,-129,-75,9,9,-15,-8,3,0,-12,-840,-66,-9,-6,20,-11,-8,2,7,-174,-71,-1,5,-3,-8,-7,0,2.2672572,328.875,0.051251117,96412.0,0.0066950005,164.0,287.535,2.1619973,"{""type"":""Point"",""coordinates"":[111.21704794810994,35.14142181412893]}"
1_0000000000000000035a,43,206,203,41,40,44,62,58,49,37,0,1,584,17,-39,-78,-3,5,-63,5,-13,0,-16,1924,-4,-8,-5,42,-3,-5,-6,10,406,-57,-13,2,-16,-9,-2,0,1.1382705,322.5,0.050001115,94092.0,0.0059155,164.625,286.91998,2.1759973,"{""type"":""Point"",""coordinates"":[110.8357100851203,35.44056060829936]}"
1_0000000000000000035f,43,206,202,39,33,34,52,60,53,35,0,1,574,16,379,-71,9,-13,-16,-21,5,0,-6,483,-10,-32,-1,-64,25,-60,-1,9,347,-55,-4,3,-34,15,-15,0,1.4685376,322.875,0.061251115,94591.0,0.007359001,168.375,286.835,2.1139972,"{""type"":""Point"",""coordinates"":[112.4273460742383,35.480982359348836]}"
1_00000000000000000361,43,205,201,39,35,36,43,41,36,34,0,1,727,9,-103,-66,8,5,-4,-2,9,0,-12,-997,-8,-30,-12,-25,0,-52,2,6,-441,-42,-2,5,-11,5,-7,1,3.882796,311.5,0.06375112,91506.0,0.0067875003,168.875,284.875,1.9699973,"{""type"":""Point"",""coordinates"":[112.8542247362868,35.50065591319664]}"
1_00000000000000000362,42,209,205,39,33,34,57,57,51,34,0,1,522,20,403,-104,10,19,-49,6,-6,0,-11,1479,7,0,-37,30,-1,-19,-5,11,139,-89,-2,-2,-21,2,11,0,5.864878,309.75,0.053751115,90165.0,0.0054200003,165.125,284.765,2.1599972,"{""type"":""Point"",""coordinates"":[110.72279226914387,35.70762954769339]}"
1_00000000000000000364,42,206,203,37,33,34,46,42,35,32,0,1,434,15,244,-89,-11,3,-29,-4,-9,0,-16,-347,4,-2,-11,2,33,14,0,9,-120,-64,-16,11,-18,6,-7,0,0.92740995,328.625,0.053751115,96421.0,0.0066205002,164.0,287.70502,2.1339972,"{""type"":""Point"",""coordinates"":[111.4140465735501,35.62678158649336]}"
1_00000000000000000365,38,206,202,34,32,34,59,52,43,32,0,1,615,22,704,-98,-10,13,-47,2,-13,-1,-14,-213,-11,4,-10,12,2,0,0,15,147,-95,-15,18,-41,9,-12,0,0.0,320.875,0.057501115,94194.0,0.0065325005,166.0,286.41998,2.1479974,"{""type"":""Point"",""coordinates"":[111.66036731574246,35.724877350568114]}"
1_00000000000000000369,40,203,199,36,33,34,43,42,37,34,0,1,763,13,283,-65,4,0,4,-10,-1,0,-15,-1219,-13,-41,-19,-24,5,-49,3,9,-251,-43,-14,6,-6,-8,-11,1,1.4693934,316.75,0.06375112,93031.0,0.0070710005,168.375,285.78,1.9439973,"{""type"":""Point"",""coordinates"":[112.92644879604944,35.558869477449385]}"
1_0000000000000000036f,35,204,201,31,29,30,71,52,39,29,0,1,798,29,-823,-132,1,12,-96,24,-15,3,-17,40,31,2,-11,55,-13,-17,0,20,-1483,-112,-8,11,-80,19,-9,5,2.4690766,312.5,0.058751117,91715.0,0.0062450003,166.625,284.975,2.1529973,"{""type"":""Point"",""coordinates"":[111.76196347414418,35.89735092021434]}"
1_00000000000000000379,41,204,201,38,35,37,64,54,45,44,0,1,525,23,286,-98,-10,13,-45,-11,-9,0,-14,-356,40,-16,1,10,13,2,0,14,-39,-83,-22,25,-38,-2,-3,0,2.9484148,319.875,0.056251116,93672.0,0.0066560004,165.0,286.32498,2.2339973,"{""type"":""Point"",""coordinates"":[111.66575390981501,36.07656665065339]}"
1_0000000000000000037e,44,204,202,41,38,40,51,54,45,38,0,1,924,9,31,-61,11,-5,-7,-6,12,0,-11,-1072,-14,-38,15,-52,22,-48,3,6,-19,-44,2,6,-14,9,-3,0,0.92740995,307.875,0.06750111,91391.0,0.0064030006,165.125,284.25,1.9509972,"{""type"":""Point"",""coordinates"":[113.1037783267429,36.22047521895125]}"
1_00000000000000000383,46,204,201,43,36,37,62,64,61,37,0,1,489,23,987,-139,1,1,-42,7,-13,-2,-10,-44,12,-21,-13,-12,-17,-7,0,14,642,-98,-12,9,-31,11,-9,-1,2.9533806,326.0,0.056251116,94720.0,0.0069335,158.5,287.22998,2.4169974,"{""type"":""Point"",""coordinates"":[111.73851752080516,36.29485748362378]}"
1_0000000000000000038d,40,205,202,36,32,39,68,66,54,33,0,1,63,23,922,-121,1,28,-35,18,-15,-2,-10,553,67,-28,-10,-11,-32,-14,-2,16,1042,-82,-34,24,-53,2,-7,-2,0.92740995,338.375,0.06375112,99837.0,0.0077625006,149.125,288.34998,2.8639972,"{""type"":""Point"",""coordinates"":[114.7202069177181,36.25119842520949]}"
1_0000000000000000038e,47,205,203,44,40,56,69,83,73,41,0,1,46,8,-168,-57,23,26,16,27,-11,0,0,1083,-22,-33,-34,-44,-41,-8,-3,6,55,-59,1,13,17,8,-8,0,3.6062143,337.875,0.056251116,100422.0,0.0080185,151.25,288.305,2.7599974,"{""type"":""Point"",""coordinates"":[115.14951133073966,36.295397034851256]}"
1_00000000000000000397,40,203,201,37,37,43,61,69,63,39,0,1,863,13,615,-71,7,0,-40,5,-1,-1,-9,-1834,-12,-32,9,-10,0,10,5,9,43,-60,2,1,-32,1,3,0,3.4589725,309.125,0.06750111,92083.0,0.0063805003,162.125,284.445,1.9969971,"{""type"":""Point"",""coordinates"":[113.06254501930168,36.53982711819694]}"
1_0000000000000000039b,44,189,189,38,31,29,33,29,24,28,1,1,64,10,56,-93,13,5,-12,0,13,0,-16,137,12,-40,1,-23,0,-35,0,6,197,-68,-12,20,-21,2,1,0,2.4882884,336.25,0.06125112,99857.0,0.0075415,149.25,288.36,3.1789973,"{""type"":""Point"",""coordinates"":[114.48520783310042,36.6023481740673]}"
1_0000000000000000039c,39,204,201,36,34,36,66,57,45,35,0,1,51,23,349,-136,12,25,-39,19,-22,0,-12,-887,34,-16,-15,11,-9,-37,2,15,1140,-90,-25,21,-53,3,-19,-3,0.0,336.375,0.06250112,100087.0,0.0077885007,150.0,288.245,3.1159973,"{""type"":""Point"",""coordinates"":[114.8468676831412,36.59884777974034]}"
1_000000000000000003a1,39,203,201,36,36,51,65,74,62,41,1,1,1189,13,-303,-119,37,0,-34,20,-8,1,-4,20,42,-19,-13,36,7,0,0,11,497,-84,21,-2,-31,17,-1,-1,7.1578245,295.625,0.05375112,85341.0,0.0052565006,156.75,281.69,2.395997,"{""type"":""Point"",""coordinates"":[111.27876190668962,36.824683411693165]}"
1_000000000000000003a2,43,183,183,37,30,29,30,28,24,31,1,1,728,8,436,-87,14,-8,-10,-10,3,-1,-13,-1495,-24,1,-31,14,-9,13,4,5,-23,-64,5,5,-4,-8,11,0,6.566187,319.625,0.052501116,92129.0,0.0066530006,147.375,285.585,2.6309972,"{""type"":""Point"",""coordinates"":[111.78163702799198,36.84947601355032]}"
1_000000000000000003a5,34,190,190,29,24,25,44,43,34,24,0,1,1011,23,1364,-147,21,8,-85,26,3,-3,-17,-1092,92,-35,20,6,-43,11,3,13,379,-102,-1,26,-76,5,19,0,11.708593,304.75,0.061251115,90368.0,0.0060400004,158.125,283.47498,2.0249972,"{""type"":""Point"",""coordinates"":[112.60871555048618,36.83465396164867]}"
1_000000000000000003a6,39,203,201,35,30,31,47,41,39,24,1,1,946,14,159,-66,6,2,-32,13,2,0,-12,-366,-19,-8,-5,0,-17,22,0,8,-1029,-40,-7,11,-20,3,10,3,0.92740995,305.75,0.06375112,91155.0,0.0061220005,160.125,283.775,2.0239973,"{""type"":""Point"",""coordinates"":[112.85746204365158,36.83654016139427]}"
1_000000000000000003ab,48,203,200,46,44,47,70,68,60,46,0,1,55,17,-354,-93,-1,27,-26,29,-29,1,-10,-177,47,-39,-9,-1,-45,-5,0,11,18,-56,-24,30,-26,9,-18,0,2.9663022,334.625,0.06250112,99924.0,0.0075440006,150.125,288.205,3.3049974,"{""type"":""Point"",""coordinates"":[114.56309049209992,36.850287569942054]}"
1_000000000000000003ac,47,205,200,42,41,46,67,66,56,42,0,1,51,18,29,-96,-1,28,-12,11,-31,0,-9,348,16,-23,-13,-29,-23,-14,-1,11,367,-65,-19,25,-18,0,-17,0,0.92740995,335.625,0.06250112,99987.0,0.0076375003,149.75,288.25,3.2469974,"{""type"":""Point"",""coordinates"":[114.64151270232685,36.793692659371715]}"
1_000000000000000003ae,43,204,202,39,37,41,70,72,65,40,0,1,35,21,849,-93,-22,28,0,-9,-31,-2,-5,-196,17,-14,-14,-35,-12,13,0,16,502,-69,-26,20,-28,-12,2,-1,3.935839,333.75,0.058751114,100863.0,0.0080835,156.125,287.935,2.8619974,"{""type"":""Point"",""coordinates"":[115.5187204388639,36.87508017179921]}"
1_000000000000000003b4,39,202,200,34,28,28,38,40,37,27,1,1,745,11,200,-98,18,-6,-53,15,-21,0,-13,-447,29,0,-21,29,-33,15,1,6,-7,-78,12,-5,-29,0,0,0,2.326112,320.625,0.04625112,93365.0,0.0068305004,148.25,285.84497,2.4869974,"{""type"":""Point"",""coordinates"":[112.08751352385416,37.15346630966689]}"
1_000000000000000003bc,40,206,202,36,34,35,58,52,38,30,0,1,63,17,430,-98,4,15,-50,11,-13,0,-10,-100,55,-12,17,-7,-13,-46,0,11,803,-57,-25,28,-55,-3,-4,-2,0.0,333.375,0.06250112,99940.0,0.0074960003,151.0,288.135,3.3249974,"{""type"":""Point"",""coordinates"":[114.54287738702463,37.03812274271741]}"
1_000000000000000003c2,42,206,203,39,40,46,64,70,64,45,1,1,1048,18,143,-110,0,11,-66,35,-4,0,-8,-1882,20,1,-49,66,-22,16,5,11,168,-80,2,-2,-44,18,4,0,7.412814,303.0,0.06750111,89488.0,0.006078,165.125,283.57,2.053997,"{""type"":""Point"",""coordinates"":[111.1723097872407,37.38415344356586]}"
1_000000000000000003cd,42,205,203,38,35,40,67,64,53,35,1,1,74,20,288,-127,0,27,-42,16,-33,0,-7,-42,50,4,-3,5,-9,-10,0,15,1005,-85,-13,33,-50,11,-29,-2,3.0145965,331.5,0.061251115,99767.0,0.0072300006,151.375,288.03998,2.8829973,"{""type"":""Point"",""coordinates"":[114.51835679033174,37.38199969775705]}"
1_000000000000000003ce,47,206,203,44,42,44,68,57,49,47,0,1,36,17,-674,-71,-6,25,-14,-20,2,2,-11,-385,38,-14,-1,13,-14,1,0,11,-46,-66,-15,21,-26,-14,7,0,0.92740995,332.875,0.06125112,100495.0,0.0075285006,153.0,288.185,2.9949973,"{""type"":""Point"",""coordinates"":[114.77060367782414,37.3496578378164]}"
1_000000000000000003d3,40,206,202,37,36,38,54,61,54,36,0,1,931,14,36,-84,-13,4,-53,11,-14,0,-8,-1037,15,-1,-39,43,1,-4,3,8,-169,-65,-8,-2,-27,0,-1,0,2.335885,297.375,0.06750111,88271.0,0.0057235006,168.125,282.78998,1.9959973,"{""type"":""Point"",""coordinates"":[111.10736298039727,37.46877380425711]}"
1_000000000000000003d6,40,204,200,35,30,30,38,37,31,30,1,1,791,10,198,-88,14,0,-48,14,-8,0,-13,-470,37,-8,-14,32,-15,-7,1,7,-187,-64,1,1,-24,2,2,0,0.0,302.125,0.05250112,88861.0,0.0060375007,155.0,282.715,2.3009973,"{""type"":""Point"",""coordinates"":[112.00558646019918,37.42619384829775]}"
1_000000000000000003e2,51,205,201,48,42,48,69,81,74,44,0,1,26,17,289,-50,3,19,-3,-12,2,0,-3,-1049,33,-32,36,-35,-24,29,3,10,208,-37,-9,21,-16,-11,9,0,2.191927,328.25,0.051251113,101112.0,0.0079230005,162.625,287.53,2.7599974,"{""type"":""Point"",""coordinates"":[115.58582545061721,37.54207696647469]}"
1_000000000000000003f0,41,205,203,38,37,39,59,50,39,35,0,1,811,16,947,-98,10,7,-52,10,-9,-2,-15,-534,65,-6,-6,12,18,-3,1,10,-387,-67,7,7,-25,9,-1,1,0.0,309.625,0.050001115,93011.0,0.0063580004,168.25,285.11,1.9879973,"{""type"":""Point"",""coordinates"":[112.41899417796522,37.674400790235715]}"
1_000000000000000003f4,39,205,203,35,32,35,53,53,44,38,0,1,699,13,-181,-97,11,-5,-37,-3,2,1,-10,-560,33,11,5,34,-11,-22,1,8,-460,-68,3,3,-27,-3,3,1,2.988987,310.875,0.065001115,92897.0,0.0070130005,159.375,284.65997,3.3269973,"{""type"":""Point"",""coordinates"":[113.64384680993204,37.78677905498465]}"
1_000000000000000003f8,44,205,202,39,34,37,51,45,38,32,0,1,46,13,282,-96,1,39,-6,-12,-4,0,-11,809,32,5,-8,5,3,-17,-2,9,926,-57,-16,31,-16,-8,-10,-2,2.5211372,331.0,0.057501115,100713.0,0.0072855004,154.125,288.02997,2.4299972,"{""type"":""Point"",""coordinates"":[114.78111377900709,37.751743898007724]}"
1_000000000000000003fd,42,204,202,38,32,32,71,61,48,30,0,1,21,31,296,-167,-23,36,-73,-8,-4,0,-11,848,62,1,0,0,-25,11,-3,20,304,-115,-33,31,-69,-27,26,0,0.0,327.375,0.05375112,101445.0,0.008068001,165.0,287.16998,2.5809975,"{""type"":""Point"",""coordinates"":[116.40239387192841,37.62185028432084]}"
1_00000000000000000411,45,203,201,43,40,40,52,51,41,41,0,1,803,10,653,-57,11,-9,-19,-1,5,-1,-9,-571,-9,-19,25,14,-17,-2,1,7,405,-46,5,6,-8,-7,7,-1,2.524137,298.625,0.052501116,90537.0,0.0060210004,172.25,283.28998,2.0669973,"{""type"":""Point"",""coordinates"":[112.56990799401804,37.853344515510486]}"
1_00000000000000000414,41,188,188,36,29,28,29,25,22,26,1,1,656,7,-67,-85,9,-5,-18,0,-2,0,-13,-365,-9,-1,11,33,-20,-20,0,4,185,-65,-2,6,-8,1,3,0,0.0,310.125,0.06750111,92852.0,0.007081,161.125,284.65997,3.4079974,"{""type"":""Point"",""coordinates"":[113.5918313961436,37.85792401229237]}"
1_00000000000000000417,47,205,203,43,41,50,64,73,64,41,0,1,148,12,-296,-101,11,12,-35,10,-5,1,-4,663,33,-16,-18,27,-14,-15,-2,8,668,-62,2,9,-23,0,-2,-1,2.350674,330.125,0.056251116,100067.0,0.0071330005,154.125,288.11,2.3379974,"{""type"":""Point"",""coordinates"":[114.31542756049046,37.937157778911065]}"
1_0000000000000000041b,50,208,206,48,41,41,64,70,61,45,0,1,27,23,106,-94,-12,27,-37,-12,-13,0,-7,-72,18,-15,-14,0,-37,-3,0,13,277,-54,-21,20,-31,-19,-8,0,1.177038,325.25,0.052501116,101155.0,0.007672501,163.5,287.14,2.4879973,"{""type"":""Point"",""coordinates"":[115.55779554139524,38.01261468693747]}"
1_0000000000000000041e,39,203,201,34,32,33,73,57,43,36,0,1,17,29,299,-180,-21,37,-94,12,2,0,-13,357,86,-5,-11,48,-41,7,-1,20,59,-127,-35,35,-82,-12,36,0,1.1746567,328.75,0.060001116,101549.0,0.0078020003,162.125,287.54498,2.3419971,"{""type"":""Point"",""coordinates"":[116.5519610394631,37.86358707063025]}"
1_00000000000000000438,35,201,199,31,29,31,60,49,40,29,0,1,925,17,-20,-121,23,3,-52,31,8,0,-11,-839,56,7,9,26,-40,-18,2,11,-415,-98,10,11,-55,26,9,1,2.1966922,299.625,0.080001116,89569.0,0.0065470003,164.25,283.11,3.6429973,"{""type"":""Point"",""coordinates"":[113.41666007036002,38.10289810596659]}"
1_00000000000000000439,40,204,202,37,36,36,62,54,42,34,0,1,214,19,-185,-147,25,3,-62,5,6,1,-10,-163,61,-3,-6,42,-19,-14,0,13,171,-109,0,7,-60,-2,15,0,2.19819,328.125,0.080001116,98959.0,0.007906001,159.75,288.15497,3.4919972,"{""type"":""Point"",""coordinates"":[113.94109940435686,38.27537167561282]}"
1_0000000000000000043a,38,188,187,33,25,23,27,27,25,22,1,1,285,13,-258,-123,13,-1,-48,4,-5,1,-14,-1156,41,-7,1,55,-36,-20,3,8,-815,-92,-5,13,-29,-7,0,2,2.5310147,326.125,0.065001115,98272.0,0.0074520004,157.25,287.53998,2.960997,"{""type"":""Point"",""coordinates"":[114.0518590154234,38.084571200636915]}"
1_0000000000000000043b,40,188,187,34,26,23,26,19,16,28,1,1,76,10,30,-137,10,22,-21,-6,-16,0,-17,1652,-8,-25,0,5,-20,-3,-5,7,-184,-113,-13,29,-14,-15,0,0,1.5002743,329.25,0.057501115,100542.0,0.0070800004,153.0,287.83002,2.0819972,"{""type"":""Point"",""coordinates"":[114.55851099531802,38.165151615773745]}"
1_00000000000000000440,45,207,205,42,42,48,71,69,58,42,0,1,19,18,-19,-99,-21,36,-66,28,-9,0,-12,-778,50,-7,13,15,-52,5,2,12,229,-76,-20,23,-57,-5,9,0,1.1812433,326.125,0.051251117,101418.0,0.0075905006,161.125,287.18,2.3519974,"{""type"":""Point"",""coordinates"":[115.93158414630139,38.27267837857653]}"
1_00000000000000000442,41,205,201,37,32,32,43,41,33,32,0,1,15,11,-12,-86,-1,13,-17,6,-3,0,-13,-145,19,-11,15,-2,-31,0,0,7,87,-69,-11,15,-27,-1,7,0,1.4992139,329.25,0.06375112,101556.0,0.0075635,160.375,287.81,2.2589972,"{""type"":""Point"",""coordinates"":[116.57378833911974,38.08160589843638]}"
1_00000000000000000443,45,205,202,41,38,40,64,53,40,39,0,1,12,16,50,-105,-5,18,-47,9,7,0,-11,1072,42,8,2,17,-57,-12,-3,11,233,-76,-20,18,-44,-10,21,0,2.537159,327.25,0.07000112,101610.0,0.0075765005,163.0,287.7,2.5619974,"{""type"":""Point"",""coordinates"":[116.84058973245054,38.28857953293313]}"
1_00000000000000000444,42,205,202,39,38,48,65,77,68,39,0,1,10,14,-177,-63,-12,20,-8,8,-5,1,-3,574,0,-10,-8,-29,-36,5,-1,10,272,-57,-4,10,-21,-1,-3,0,0.92740995,325.875,0.066251114,101573.0,0.007804501,166.0,287.395,2.5149972,"{""type"":""Point"",""coordinates"":[117.09957432163468,38.083224552118786]}"
1_00000000000000000457,38,202,200,36,37,45,63,74,66,40,0,1,1391,14,402,-71,15,-5,-27,14,3,0,-4,-212,77,-2,-17,26,-4,-7,0,11,489,-46,3,10,-33,14,-2,-1,3.0062332,277.0,0.06125112,84805.0,0.0051180003,168.625,278.835,2.1669972,"{""type"":""Point"",""coordinates"":[111.42778952299683,38.46779080427112]}"
1_00000000000000000459,39,202,200,36,36,40,64,63,55,42,1,1,1232,17,532,-110,22,1,-64,35,-4,-1,-10,-1134,45,-3,-18,58,-38,-8,3,14,24,-95,9,11,-59,34,-6,0,9.556569,282.375,0.056251116,86220.0,0.0050120004,166.0,279.91998,1.7909973,"{""type"":""Point"",""coordinates"":[111.95141730060193,38.38667529700788]}"
1_00000000000000000461,43,204,202,40,38,40,62,59,49,34,0,1,98,21,23,-139,0,36,-64,25,-41,0,-10,1132,45,-16,-9,10,-33,14,-3,13,349,-87,-21,28,-43,0,-19,0,0.92740995,327.0,0.06375112,100190.0,0.007232,152.0,287.36,2.2289972,"{""type"":""Point"",""coordinates"":[114.5692886425642,38.43841870563207]}"
1_00000000000000000462,43,203,202,40,34,42,62,61,49,35,1,1,76,15,-56,-108,13,25,-37,4,-14,0,-7,687,48,-38,-4,0,-32,2,-2,10,439,-74,-9,23,-26,-6,-3,-1,1.5027736,327.75,0.06250112,100427.0,0.0072375005,150.625,287.33,2.1739974,"{""type"":""Point"",""coordinates"":[114.70215201755266,38.36080359269579]}"
1_00000000000000000463,43,205,203,40,37,43,67,68,58,40,0,1,44,20,-139,-114,0,26,-59,29,-23,1,-9,36,46,-16,-1,11,-51,-1,0,13,-61,-77,-16,18,-43,-5,-3,0,0.0,328.375,0.052501116,100949.0,0.0073520006,146.375,286.86,2.2209973,"{""type"":""Point"",""coordinates"":[115.10612427748961,38.37185324510623]}"
1_00000000000000000464,52,205,203,50,40,42,74,86,76,39,0,1,32,31,133,-147,-27,35,-105,14,-27,0,-4,-653,36,-28,-6,-5,-44,-3,2,17,372,-70,-27,20,-49,-16,-6,0,1.5031524,328.0,0.050001115,101107.0,0.0074120006,147.125,286.745,2.3129973,"{""type"":""Point"",""coordinates"":[115.34543531282597,38.39017569133483]}"
1_00000000000000000469,46,205,202,42,40,48,59,68,61,41,0,1,9,9,-141,-59,5,11,-19,24,-6,0,-4,1574,2,-9,-8,-4,-80,13,-5,6,119,-40,0,3,-10,-3,5,0,1.5024313,327.25,0.07000112,101610.0,0.0075765005,163.0,287.7,2.5619974,"{""type"":""Point"",""coordinates"":[116.83924308393244,38.33412033199196]}"
1_0000000000000000046a,45,205,202,42,41,48,71,81,70,46,0,1,3,14,856,-74,1,8,-41,21,-2,-2,-1,2605,32,-31,-16,23,-113,26,-8,12,857,-47,-15,5,-27,-11,11,-2,0.92740995,323.375,0.066251114,101719.0,0.0079265,169.0,287.19,3.1689973,"{""type"":""Point"",""coordinates"":[117.36987610929245,38.451354557788115]}"
1_0000000000000000047a,49,207,205,48,48,54,62,65,60,52,0,1,1296,7,41,-18,0,17,-17,28,6,0,-10,649,12,-1,-10,30,-46,12,-2,5,142,-13,-1,0,-2,0,11,0,1.1865711,286.375,0.061251115,87733.0,0.0049230005,179.0,282.305,2.9659972,"{""type"":""Point"",""coordinates"":[108.84980483995763,38.59768887705905]}"
1_00000000000000000489,45,206,203,40,34,63,66,88,83,44,0,1,47,8,860,-77,12,15,-12,37,-38,-2,-2,-507,1,11,-14,-24,-48,10,1,6,32,-42,6,7,-2,14,-23,0,4.0131125,330.0,0.055001117,101172.0,0.0074465005,140.125,286.685,2.2039971,"{""type"":""Point"",""coordinates"":[115.17861588331546,38.71545819498161]}"
1_0000000000000000048c,45,207,203,42,40,49,62,66,59,41,0,1,11,11,282,-71,-10,5,-24,20,-9,0,-9,-419,13,1,27,-15,-57,-1,1,8,198,-53,-7,10,-27,0,-6,0,1.1884725,327.75,0.053751115,101555.0,0.0074230004,156.5,287.32498,2.2879972,"{""type"":""Point"",""coordinates"":[116.13343427368771,38.712492892781064]}"
1_000000000000000004b1,50,205,203,49,44,49,66,79,73,48,0,1,41,16,182,-97,8,13,-28,20,-27,0,-6,-84,26,-16,2,-6,-38,7,0,10,-49,-51,-3,10,-20,4,-15,0,3.0235639,331.0,0.056251116,101207.0,0.0074905003,136.5,286.63,2.1039972,"{""type"":""Point"",""coordinates"":[115.23628989634074,38.81112820808329]}"
1_000000000000000004b2,45,206,204,41,34,40,60,53,51,36,0,1,16,16,43,-100,0,19,-37,18,-12,0,-14,435,39,-23,2,-1,-49,4,-1,9,-85,-65,-11,14,-22,-4,-2,0,1.5085037,330.75,0.052501116,101473.0,0.0074610002,137.0,286.54498,2.1709971,"{""type"":""Point"",""coordinates"":[115.54459214317598,38.80142520419099]}"
1_000000000000000004b3,40,207,204,36,35,37,72,58,46,38,0,1,6,26,-143,-156,-13,16,-125,36,-7,1,-14,642,90,2,13,16,-46,-19,-2,17,-551,-107,-17,12,-92,-9,12,2,0.92740995,327.25,0.050001115,101597.0,0.0073400005,155.375,287.245,2.2369971,"{""type"":""Point"",""coordinates"":[116.08950766921022,38.87957986835474]}"
1_000000000000000004b5,40,206,203,36,32,42,67,70,62,37,0,1,9,16,5,-99,-6,21,-37,23,5,0,-8,-207,52,-10,40,-3,-59,-15,0,11,16,-89,-12,25,-41,2,9,0,2.381907,326.625,0.05375112,101595.0,0.0072150007,160.625,287.595,2.3749971,"{""type"":""Point"",""coordinates"":[116.47326682407191,38.89197616928332]}"
1_000000000000000004b6,46,205,203,42,39,44,51,50,42,44,0,1,5,7,-542,-46,25,-9,-14,14,-17,2,-11,778,3,-25,30,-8,-35,0,-2,5,12,-38,1,2,-9,1,3,0,0.0,324.875,0.06375112,101632.0,0.0072825006,163.0,287.49,2.7599974,"{""type"":""Point"",""coordinates"":[116.92278434216873,38.924046024059706]}"
1_000000000000000004b8,49,207,203,46,43,45,59,57,49,42,0,1,4,12,-40,-83,7,1,-36,47,-21,0,-8,1470,21,-44,-5,14,-68,15,-5,8,47,-51,-12,9,-27,10,3,0,3.0245202,322.375,0.06250112,101708.0,0.0075660003,166.375,287.005,3.0859973,"{""type"":""Point"",""coordinates"":[117.41434226499744,38.956383424899286]}"
1_000000000000000004d4,35,200,198,30,27,23,72,48,29,25,0,1,974,22,-1185,-129,5,23,-76,63,-6,4,-2,683,130,-31,-21,49,-54,-35,-2,18,-1584,-99,15,11,-51,47,-20,5,3.6656268,288.5,0.08625111,87551.0,0.0062155006,168.125,281.675,4.5999975,"{""type"":""Point"",""coordinates"":[113.28245450595448,39.20998142001086]}"
1_000000000000000004de,47,207,205,44,39,42,58,53,43,41,0,1,13,13,-63,-76,3,18,-35,8,-4,0,-13,-972,24,14,20,-1,-54,4,2,8,-274,-47,-4,11,-22,-16,9,1,1.5126568,324.25,0.050001115,101546.0,0.007019,161.375,287.4,2.2929974,"{""type"":""Point"",""coordinates"":[116.39700281875481,39.114039401744925]}"
1_000000000000000004df,43,206,203,40,37,45,60,71,68,41,0,1,10,12,-194,-46,0,5,-23,20,0,1,-4,-364,9,2,31,-24,-59,3,1,8,38,-38,-4,12,-26,-3,5,0,1.5110735,324.75,0.05375112,101564.0,0.0070485007,162.375,287.555,2.4549973,"{""type"":""Point"",""coordinates"":[116.57648609525705,38.99546298653169]}"
1_000000000000000004e0,44,207,203,41,37,46,66,80,77,40,0,1,8,16,798,-101,17,-1,-49,35,-27,-2,0,714,-2,-20,17,-11,-48,-16,-2,12,802,-63,-4,10,-37,3,-4,-2,0.0,324.0,0.06250112,101579.0,0.0070325006,162.125,287.46497,2.651997,"{""type"":""Point"",""coordinates"":[116.78749967530821,39.15904510867735]}"
1_000000000000000004e1,42,203,201,37,30,28,42,31,24,35,0,1,11,13,410,-101,0,9,-34,-25,19,0,-16,1379,43,-10,3,17,-7,-17,-4,9,677,-80,-20,20,-31,-41,32,-1,1.5125787,323.5,0.06125112,101604.0,0.0071575004,162.25,287.235,2.8409972,"{""type"":""Point"",""coordinates"":[117.21922983930286,39.1083808025081]}"
1_000000000000000004e2,45,205,201,41,38,37,57,48,39,36,0,1,1,14,-931,-129,15,9,-64,40,-9,3,-11,1944,47,-42,-21,35,-63,0,-6,10,-61,-78,-17,16,-42,-1,23,0,1.8543341,321.75,0.058751114,101713.0,0.0074875,166.0,286.87,3.0259972,"{""type"":""Point"",""coordinates"":[117.57819639230736,39.005433536487196]}"
1_0000000000000000050b,38,181,181,33,26,26,27,25,23,28,1,1,848,7,-193,-110,6,5,-28,36,-8,0,-11,113,39,-20,-4,9,-37,-5,0,6,-39,-78,-6,1,-16,18,4,0,2.207965,300.5,0.057501115,91852.0,0.0064455,160.0,282.96002,2.5049973,"{""type"":""Point"",""coordinates"":[114.68705796048675,39.35954858754555]}"
1_0000000000000000050f,41,189,189,35,28,26,32,26,21,26,0,1,33,14,-807,-152,6,10,-10,4,4,3,-18,600,38,-34,-3,0,-18,-14,-2,9,-732,-107,-31,32,-16,0,10,2,0.92740995,324.625,0.053751115,101432.0,0.0070820004,151.875,286.85498,1.7799972,"{""type"":""Point"",""coordinates"":[115.85181528755629,39.317508182813654]}"
1_00000000000000000510,41,207,205,37,36,42,72,75,69,41,0,1,17,22,-107,-104,9,14,-35,6,-9,1,-5,-446,59,21,7,19,-63,2,1,15,-425,-80,0,10,-39,-19,1,2,2.39677,322.0,0.055001117,101428.0,0.0067190006,162.625,287.4,2.3649974,"{""type"":""Point"",""coordinates"":[116.43041932204932,39.33071158103291]}"
1_00000000000000000512,42,200,198,36,29,28,34,28,23,29,0,1,8,10,-480,-85,7,4,-13,8,2,1,-17,724,34,-17,4,23,-47,11,-2,7,-428,-63,-10,14,-15,-8,17,1,0.0,322.5,0.066251114,101559.0,0.0068520005,161.0,287.22998,2.6979973,"{""type"":""Point"",""coordinates"":[117.05699436567537,39.386499394312565]}"
1_00000000000000000513,52,208,205,50,42,43,60,71,67,41,0,1,5,18,1147,-90,15,2,-42,4,-4,-3,-2,849,21,-29,26,0,-49,18,-2,11,797,-40,-5,8,-21,-15,11,-2,2.5669138,322.5,0.06375112,101638.0,0.0070815003,162.0,287.1,2.8329973,"{""type"":""Point"",""coordinates"":[117.23135859416821,39.247977420087274]}"
1_00000000000000000514,42,202,200,38,34,33,52,45,34,36,0,1,2,17,-470,-101,10,19,-82,41,-5,2,-12,1791,65,-17,7,36,-79,-2,-6,12,-292,-67,-14,31,-69,2,21,1,0.0,321.625,0.060001116,101650.0,0.0071725007,163.125,286.87,2.8969972,"{""type"":""Point"",""coordinates"":[117.47255582925017,39.21752621899329]}"
1_00000000000000000515,46,203,201,43,39,41,67,58,48,46,0,1,5,19,666,-116,34,8,-61,35,-23,-1,-9,2122,11,-45,4,-8,-59,-35,-7,14,695,-84,-10,26,-52,5,0,-1,1.5162737,319.25,0.05375112,101738.0,0.0071850005,164.25,286.43,2.7449973,"{""type"":""Point"",""coordinates"":[117.82451267539865,39.38218744359389]}"
1_00000000000000000518,46,205,202,43,37,42,59,64,60,36,0,1,10,13,824,-82,17,7,-42,32,-23,-2,-6,-223,-4,-40,-32,33,-69,10,0,9,764,-49,-1,3,-24,5,-3,-2,2.400011,319.125,0.061251115,101688.0,0.007546,165.5,286.34,2.3399973,"{""type"":""Point"",""coordinates"":[118.92109034736102,39.42530695078071]}"
1_0000000000000000052e,44,209,207,42,43,59,68,79,70,49,0,1,1077,6,-38,-16,-1,9,-14,7,2,0,0,-502,21,-16,-19,4,0,16,1,5,-82,-16,-6,5,-11,11,3,0,0.92740995,282.25,0.036251117,89214.0,0.0046200007,195.0,282.97,3.0839972,"{""type"":""Point"",""coordinates"":[106.70166412116745,39.59859207681866]}"
1_00000000000000000541,42,205,202,39,37,39,58,60,53,37,0,1,1034,14,184,-95,5,5,-38,31,-4,0,-8,-573,65,-17,-20,32,-27,4,1,10,-88,-64,-7,2,-34,17,4,0,0.92740995,289.375,0.06250112,89537.0,0.0055635003,168.5,281.985,3.3239975,"{""type"":""Point"",""coordinates"":[112.8297041395939,39.51181351121756]}"
1_0000000000000000054b,41,208,206,38,36,37,61,56,45,34,0,1,34,18,-1092,-104,4,4,-36,10,12,4,-14,-496,69,9,0,28,-64,5,1,11,-645,-81,-10,7,-46,-6,11,2,2.5743935,321.875,0.05375112,101424.0,0.0068075005,160.0,287.15997,2.0239973,"{""type"":""Point"",""coordinates"":[116.0819628702278,39.481901861351055]}"
1_0000000000000000054d,43,204,201,40,36,36,44,39,31,36,0,1,24,10,132,-78,7,-11,-5,19,-15,0,-18,-454,45,-1,9,27,-61,29,1,6,-121,-46,-1,-3,-5,-4,1,0,0.92740995,320.375,0.06250112,101365.0,0.0064980006,162.0,287.305,2.4299974,"{""type"":""Point"",""coordinates"":[116.62068470489884,39.57514612347966]}"
1_0000000000000000054e,46,204,202,44,43,44,79,73,62,41,0,1,17,20,-2077,-103,11,14,-21,36,-17,7,-10,1262,71,-8,-20,22,-104,43,-4,11,-2416,-61,0,18,-17,18,2,8,1.8543341,320.375,0.06750111,101442.0,0.0065755006,160.875,287.21,2.4009972,"{""type"":""Point"",""coordinates"":[116.77294516946975,39.63605298476867]}"
1_0000000000000000054f,48,205,203,45,39,42,65,78,74,36,0,1,7,19,786,-88,18,9,-36,1,-11,-1,-2,1194,32,-25,8,-2,-71,29,-3,12,568,-56,0,12,-25,-18,6,-1,0.92740995,321.5,0.06750111,101565.0,0.0067455005,160.5,287.085,2.684997,"{""type"":""Point"",""coordinates"":[117.17961518554407,39.46842645796753]}"
1_00000000000000000552,44,205,202,41,38,39,62,60,50,41,0,1,21,18,-6,-132,27,1,-71,49,-40,0,-9,1138,19,-39,-14,39,-62,-15,-3,12,425,-72,-13,6,-42,2,-3,0,0.92740995,316.875,0.056251116,101535.0,0.0070050005,162.0,285.99,2.5709972,"{""type"":""Point"",""coordinates"":[117.99564405562779,39.64737018324231]}"
1_00000000000000000555,49,205,202,46,43,55,69,79,74,47,0,1,11,12,-54,-75,28,9,-38,20,-12,0,-6,1432,4,-36,-33,44,-30,7,-4,8,250,-49,8,-3,-21,1,0,0,1.2031106,317.5,0.06375112,101451.0,0.0073860004,164.125,286.08,2.3529973,"{""type"":""Point"",""coordinates"":[119.07577656290503,39.57433456708793]}"
1_0000000000000000056c,39,206,204,36,34,37,47,53,47,36,0,1,1104,8,-188,-33,2,5,-6,-5,9,0,-6,-1098,25,-12,-21,10,26,32,3,6,-363,-29,1,0,-4,2,8,1,1.5201554,280.0,0.045001116,88865.0,0.0046260003,195.5,282.495,2.9879973,"{""type"":""Point"",""coordinates"":[106.82293829251803,39.66542508340771]}"
1_00000000000000000576,38,184,183,34,28,27,29,22,19,27,1,1,1447,9,562,-88,8,-10,-20,22,4,-1,-18,54,-7,-33,5,36,-27,-27,0,5,-101,-79,2,-3,-4,2,14,0,8.7838955,278.0,0.041251116,85868.0,0.004652,181.875,281.41498,2.4059973,"{""type"":""Point"",""coordinates"":[109.9587743537475,39.81257095907037]}"
1_00000000000000000581,43,204,202,40,41,45,70,67,55,45,0,1,993,17,62,-66,7,5,-41,13,-1,0,-10,96,33,-39,23,35,-19,-49,0,12,-348,-55,-1,7,-26,12,-5,1,0.0,285.375,0.060001116,89782.0,0.0054805004,172.5,281.385,3.0169973,"{""type"":""Point"",""coordinates"":[113.18139343967917,39.80906610564237]}"
1_00000000000000000583,39,205,202,35,28,27,49,52,45,27,0,1,1094,17,-171,-115,5,0,-37,-1,3,1,-7,403,23,-21,36,31,-7,-64,-1,12,-702,-98,20,3,-19,2,-15,2,0.0,287.25,0.072501116,88503.0,0.0060480004,171.125,281.49,3.5879974,"{""type"":""Point"",""coordinates"":[113.69046671144581,39.69938113792971]}"
1_00000000000000000584,42,204,200,39,39,44,69,71,60,43,1,1,974,15,1021,-82,17,1,-37,29,-11,-2,-4,-1682,6,-32,-15,16,-39,-41,5,12,730,-67,14,-2,-31,18,-17,-1,5.6755586,291.625,0.050001115,91056.0,0.0056965007,172.25,282.55,2.4669971,"{""type"":""Point"",""coordinates"":[114.26826364864819,39.74923834680828]}"
1_0000000000000000058a,43,207,205,40,37,39,63,54,45,29,0,1,69,18,74,-114,19,-7,-47,13,5,0,-14,-184,76,3,-2,1,-21,-23,0,10,93,-71,-6,8,-46,-3,8,0,5.5526505,317.125,0.057501115,100778.0,0.0066715004,163.125,286.76,1.9639972,"{""type"":""Point"",""coordinates"":[116.00785261071951,39.74923834680828]}"
1_0000000000000000058b,44,205,203,41,39,41,59,52,43,41,0,1,38,16,-455,-80,25,-4,-19,13,-9,2,-15,-201,65,-2,1,28,-64,25,0,9,-345,-57,4,5,-15,-9,2,1,1.5201362,319.625,0.056251116,101321.0,0.0067125005,162.125,287.115,2.0089972,"{""type"":""Point"",""coordinates"":[116.14475593126244,39.664078434889575]}"
1_0000000000000000058e,51,204,200,49,50,55,74,69,61,44,0,1,9,15,-288,-114,18,1,-34,21,-20,1,-14,713,23,-39,-16,30,-56,3,-2,9,139,-63,-3,3,-20,-4,0,0,2.2109046,320.75,0.072501116,101542.0,0.0067975004,159.0,286.815,2.5709972,"{""type"":""Point"",""coordinates"":[117.31004835045836,39.672162785099474]}"
1_00000000000000000595,47,207,203,44,42,47,60,60,51,34,0,1,7,13,-54,-69,28,18,-35,39,-6,0,-13,980,17,-16,-5,-8,-32,9,-3,8,247,-39,6,8,-28,21,-2,0,0.0,316.0,0.07000111,101100.0,0.0071915006,160.25,285.715,2.4909973,"{""type"":""Point"",""coordinates"":[119.40375236358808,39.84059640919128]}"
1_000000000000000005ca,43,188,188,38,30,28,32,26,21,30,0,1,105,11,94,-109,7,-10,-11,-9,8,0,-20,219,23,-13,-15,-17,4,-21,-1,6,12,-73,-12,6,-14,-8,2,0,1.2094574,311.125,0.060001116,99505.0,0.0064045005,165.5,285.97998,2.0809972,"{""type"":""Point"",""coordinates"":[116.09570581967454,39.937077978684684]}"
1_000000000000000005cb,39,196,195,33,27,25,37,30,23,25,0,1,45,17,-118,-90,-1,-10,-27,-10,0,0,-21,-350,59,3,-2,16,-32,5,0,9,-294,-62,-17,8,-38,-34,19,1,2.5909564,316.125,0.065001115,101278.0,0.006597,162.0,286.71,2.1139972,"{""type"":""Point"",""coordinates"":[116.43931076954992,39.98989603066276]}"
1_000000000000000005cc,40,198,197,36,29,26,28,25,22,24,0,1,39,9,539,-77,20,-15,1,19,-11,-1,-20,9,51,-2,-6,-7,-39,19,0,4,-109,-39,8,-4,0,8,0,0,2.2144465,316.125,0.065001115,101278.0,0.006597,162.0,286.71,2.1139972,"{""type"":""Point"",""coordinates"":[116.48943998359277,40.04137189322375]}"
1_000000000000000005d0,43,204,202,41,41,47,78,76,62,39,0,1,46,24,-84,-120,14,11,-83,42,-21,1,-8,464,68,-34,-15,79,-68,-13,-1,16,467,-71,-19,15,-59,1,1,0,0.0,310.875,0.07000112,99935.0,0.0067610005,161.5,285.005,2.3479972,"{""type"":""Point"",""coordinates"":[117.94093534480307,39.930879828220405]}"
1_000000000000000005d4,39,204,202,35,34,37,66,65,50,33,0,1,89,22,601,-150,25,26,-123,85,-30,-1,-11,1261,69,-38,-39,68,-80,6,-4,14,758,-91,-9,13,-84,31,2,-1,3.6811903,310.375,0.06750111,100496.0,0.0068970006,165.25,285.16998,2.3139973,"{""type"":""Point"",""coordinates"":[118.99546815293249,39.898809973444024]}"
1_000000000000000005d6,42,196,194,36,29,29,33,29,24,29,1,1,10,6,-729,-50,13,8,-9,-8,12,2,-19,1443,-18,-12,-1,-15,-15,24,-5,3,-143,-39,-4,0,-18,-6,10,0,6.0253596,315.875,0.07500112,101277.0,0.0071255006,159.25,285.72,2.5739973,"{""type"":""Point"",""coordinates"":[119.59779014592878,39.93114737428362]}"
1_000000000000000005ed,49,207,204,47,44,64,71,95,98,43,0,1,1054,7,413,-21,9,4,-20,12,-11,-1,3,549,-15,-14,-37,12,-13,46,-1,6,344,-10,4,0,-8,7,0,0,1.5294732,277.125,0.017501116,89327.0,0.0043730005,196.0,282.265,2.6429973,"{""type"":""Point"",""coordinates"":[107.00861971948456,40.32811438646558]}"
1_0000000000000000060b,41,203,201,37,33,36,42,43,37,38,0,1,113,11,437,-97,20,-4,-1,6,0,-1,-14,-184,57,-7,-2,-16,5,-23,0,7,184,-46,1,4,-5,4,-6,0,1.5283217,309.375,0.060001116,99982.0,0.0064785006,168.0,285.885,2.224997,"{""type"":""Point"",""coordinates"":[116.23584644758222,40.24753397132876]}"
1_0000000000000000060c,41,205,204,39,36,33,61,59,48,30,0,1,63,25,-3992,-109,-13,21,-53,16,14,13,-13,1539,72,-29,-47,15,-77,3,-5,14,-2362,-79,-40,34,-63,10,7,8,1.2161804,314.25,0.06875111,101126.0,0.0066195005,160.125,286.155,2.086997,"{""type"":""Point"",""coordinates"":[116.56274314581033,40.313831885791394]}"
1_00000000000000000611,47,204,201,44,40,42,61,66,56,46,0,1,125,17,-1427,-62,9,-1,-46,-11,1,5,-7,106,4,-39,-34,30,-59,-24,0,10,-957,-22,-1,4,-22,-30,2,3,2.595866,304.0,0.073751114,98633.0,0.0064505003,164.375,284.055,2.1669972,"{""type"":""Point"",""coordinates"":[118.30071345419928,40.138121008780345]}"
1_00000000000000000636,42,208,206,40,40,46,58,70,64,41,0,1,1006,11,183,-46,8,11,-31,28,-17,0,-7,885,14,0,-13,21,-50,4,-3,8,226,-26,4,2,-10,3,-3,0,0.0,291.125,0.043751117,90252.0,0.0048940005,176.125,283.96997,1.7889972,"{""type"":""Point"",""coordinates"":[110.04070141740247,40.41327429838429]}"
1_0000000000000000063c,40,205,203,38,38,43,65,65,56,43,0,1,1177,14,129,-68,7,14,-44,17,0,0,-10,-818,34,-14,-44,5,7,3,2,11,17,-63,4,3,-47,22,2,0,3.6924758,276.875,0.053751115,87351.0,0.0042990004,172.0,280.085,2.8279972,"{""type"":""Point"",""coordinates"":[111.83068713957988,40.38174399483537]}"
1_00000000000000000653,46,205,202,43,42,46,58,61,54,49,0,1,228,11,-128,-67,15,10,-16,14,5,0,-8,1108,25,-28,-26,-13,-23,-19,-3,8,192,-43,0,5,-22,6,0,0,2.43453,295.0,0.073751114,96779.0,0.0059485007,168.0,282.81,2.2559972,"{""type"":""Point"",""coordinates"":[118.95531394794621,40.40437839178267]}"
1_0000000000000000066b,43,207,205,41,41,50,64,68,59,45,0,1,1041,10,269,-52,11,3,-16,2,1,0,-9,-275,59,-31,-48,-22,47,1,0,8,205,-31,2,-5,-24,15,3,0,1.5357398,278.75,0.015001117,90080.0,0.0044975,193.0,282.34497,2.473997,"{""type"":""Point"",""coordinates"":[107.4306468795869,40.76038410168766]}"
1_00000000000000000673,49,206,204,48,45,48,58,63,57,43,0,1,1038,11,95,-38,-2,2,-20,14,-3,0,-8,865,21,9,-11,4,-30,9,-3,7,144,-22,-3,-2,-7,0,5,0,0.92740995,291.75,0.032501116,90555.0,0.0047815004,174.0,284.02997,1.6799972,"{""type"":""Point"",""coordinates"":[109.80246948452108,40.60003482780576]}"
1_00000000000000000674,42,194,193,38,35,35,43,34,30,33,1,1,1049,10,-199,-81,-1,-4,-20,22,6,0,-15,821,21,-1,-14,18,-23,-11,-3,7,-151,-68,-2,-8,-16,1,17,0,3.8998325,291.125,0.042501114,90441.0,0.0047645,174.125,283.895,1.6859972,"{""type"":""Point"",""coordinates"":[110.0159088155453,40.594643774632154]}"
1_00000000000000000677,42,206,203,39,37,48,61,75,71,42,0,1,1022,9,-18,-52,4,-1,-24,19,-12,0,-5,-161,22,6,-16,0,-8,12,0,7,-269,-39,0,2,-14,16,0,1,0.0,278.625,0.048751116,88060.0,0.0042695003,174.125,280.87,2.8009973,"{""type"":""Point"",""coordinates"":[111.13754663542802,40.71375974107285]}"
1_00000000000000000678,44,204,202,42,43,44,77,61,43,59,0,1,1046,21,-114,-111,14,9,-56,19,11,1,-15,-387,50,-12,-40,29,-8,-1,0,13,-45,-87,11,15,-37,17,14,0,6.3715568,281.75,0.052501112,89329.0,0.0043380004,172.75,281.31,3.1689973,"{""type"":""Point"",""coordinates"":[111.49974603669628,40.76738934944264]}"
1_00000000000000000684,44,205,202,41,37,49,55,75,73,43,0,1,611,3,-124,-63,11,11,0,1,5,0,0,992,21,11,-10,-15,-5,-16,-3,2,212,-49,11,2,0,-1,0,0,2.2200477,290.5,0.052501116,93391.0,0.0051375004,174.0,282.925,2.7539973,"{""type"":""Point"",""coordinates"":[115.06408387275772,40.60892627530633]}"
1_0000000000000000068e,47,201,199,44,42,45,53,54,49,43,1,1,272,8,-125,-77,1,3,-13,3,8,0,-8,79,-8,-27,-30,22,-28,-34,0,7,94,-56,-1,-1,-4,0,1,0,1.2244107,300.75,0.06250112,97967.0,0.0061170002,164.75,283.72998,1.8509972,"{""type"":""Point"",""coordinates"":[118.16461723094709,40.76577069576024]}"
1_0000000000000000077e,40,204,202,37,35,41,64,77,70,35,1,1,311,23,-1151,-67,8,16,-68,64,-16,4,-5,360,14,-64,-14,44,-43,5,-1,17,156,-41,-12,6,-50,37,-9,0,1.6247739,271.25,0.048751116,97011.0,0.0043915003,166.375,278.47998,2.7679973,"{""type"":""Point"",""coordinates"":[122.06797606100093,45.97483457808202]}"
1_00000000000000000792,41,204,201,38,36,37,57,42,34,32,0,1,289,19,34,-44,36,-3,-25,17,-12,0,-20,456,-16,-56,-21,9,-23,-9,-2,13,386,-29,17,-5,-32,8,-7,0,1.6267791,273.0,0.05250112,97905.0,0.0044620004,166.875,278.85498,2.7019973,"{""type"":""Point"",""coordinates"":[121.95937019574325,46.07589564435732]}"
1_00000000000000000793,49,203,199,48,47,51,61,61,54,48,0,1,272,11,-612,-47,10,2,-22,19,-7,2,-10,1078,23,-40,-8,14,-15,15,-3,7,-61,-24,0,0,-13,7,-3,0,1.626735,274.0,0.050001115,98266.0,0.0045225006,166.375,279.03497,2.7729974,"{""type"":""Point"",""coordinates"":[122.06878315829161,46.07373743944745]}"
1_000000000000000007db,52,208,205,51,52,70,87,182,173,61,0,1,880,13,-49,-37,62,8,-15,19,7,0,-10,-2139,-244,-225,-12,-44,-44,-10,6,6,-576,-49,12,4,-6,13,-3,2,3.0972984,247.75,0.04625112,90713.0,0.0036495002,166.25,272.06,2.3639975,"{""type"":""Point"",""coordinates"":[119.84383888295687,47.29050572120439]}"
1_0000000000000000087d,47,204,201,45,36,36,54,66,62,35,0,1,313,22,1678,-65,34,14,-40,26,-11,-4,-10,-769,-48,-43,-27,-16,-37,9,2,11,652,-54,5,-1,-30,12,-2,-1,0.0,262.75,0.06750111,96966.0,0.004337501,153.0,275.21497,2.3539972,"{""type"":""Point"",""coordinates"":[123.43997456863043,48.68837593314596]}"
1_000000000000000008c3,51,204,200,49,36,37,68,84,76,31,1,1,614,32,-257,-21,2,49,-42,47,27,1,-14,-4116,-144,-163,0,-40,-52,-10,13,13,-873,-44,-55,10,-29,-1,4,3,1.8543341,247.25,0.032501116,94079.0,0.0035070004,169.0,272.75,4.103997,"{""type"":""Point"",""coordinates"":[119.76217936536514,49.19664210762195]}"
1_000000000000000008d4,46,204,202,45,43,48,67,80,70,45,0,1,226,19,716,-40,45,45,-59,40,-23,-1,-9,-2080,-124,-114,-16,-1,-81,25,6,12,-171,-54,1,19,-30,17,-9,1,0.92740995,266.5,0.06875111,98747.0,0.004757,147.75,275.335,2.9639974,"{""type"":""Point"",""coordinates"":[125.06799236324352,49.212810808041745]}"
2_000000000000000004c8,40,212,211,38,44,54,72,84,77,48,1,0,1419,12,20,-35,1,11,-25,14,6,0,-1,655,54,4,-41,55,-59,5,-2,9,-128,-21,4,-3,-6,-11,14,0,4.034561,278.5,0.058751114,86575.0,0.0048405007,185.625,281.145,3.0729973,"{""type"":""Point"",""coordinates"":[108.33507296895415,39.196506016627346]}"
2_00000000000000000705,34,203,201,32,33,37,68,74,55,33,0,0,1048,22,326,-71,30,26,-63,62,-24,0,-18,-4033,-198,-132,-10,-5,-97,-28,12,13,-417,-106,-4,26,-70,40,-30,2,2.7737598,259.125,0.040001117,89674.0,0.0037925006,172.375,275.65,3.1509972,"{""type"":""Point"",""coordinates"":[117.29522629855671,44.84780570502568]}"
2_000000000000000005f8,41,207,205,38,45,53,74,90,80,46,0,0,1018,15,-100,-65,13,6,-44,45,-10,0,-8,22,63,-9,26,33,-73,51,0,10,21,-45,-2,18,-34,24,12,0,3.0545273,287.5,0.047501117,89488.0,0.004916,175.375,282.84,2.1149974,"{""type"":""Point"",""coordinates"":[110.56945270211797,40.24942017107436]}"
2_000000000000000006bd,39,204,202,38,42,52,81,93,78,47,1,0,1238,18,24,-22,18,11,-27,30,-1,0,-10,-4285,-171,-132,-84,-9,40,-29,13,13,-378,-64,-4,4,-31,34,-12,1,0.0,255.625,0.025001116,88859.0,0.0037170006,178.125,276.32,4.3579974,"{""type"":""Point"",""coordinates"":[114.900497291511,44.617925668417385]}"
2_000000000000000003d7,38,202,201,33,29,28,64,53,49,27,0,0,756,22,762,-212,83,-13,-128,122,-75,-1,-13,-1385,117,-56,-11,65,-74,42,4,15,-517,-154,45,5,-89,89,-49,2,1.4914153,312.5,0.048751116,93082.0,0.0063460004,163.0,285.365,2.0829973,"{""type"":""Point"",""coordinates"":[112.39662286798007,37.45476330874717]}"
2_000000000000000002af,41,207,206,40,44,53,83,97,79,47,1,0,1100,16,368,-22,12,10,-29,19,-5,0,0,102,-27,-42,3,-5,11,11,0,14,421,-28,-3,12,-35,22,0,0,2.2522433,265.125,0.026251117,89324.0,0.0038440004,181.0,278.625,4.4249973,"{""type"":""Point"",""coordinates"":[113.75487842616283,43.53617450745773]}"
2_0000000000000000070f,32,195,194,27,23,24,60,61,44,23,1,0,800,31,83,-165,52,8,-87,64,-16,0,-9,1062,38,-73,-23,54,-91,17,-3,25,882,-132,1,18,-92,40,14,-1,3.7047918,265.375,0.057501115,93329.0,0.0040150005,174.5,277.585,2.2769973,"{""type"":""Point"",""coordinates"":[120.3892939602186,45.01597178305428]}"
2_00000000000000000298,36,198,197,33,31,34,84,61,37,30,1,0,557,25,900,-172,55,85,-158,-10,-16,-2,-11,2367,32,38,93,-85,-206,9,-8,18,841,-123,12,74,-138,-17,21,-1,0.92740995,273.0,0.047501117,94435.0,0.0038615004,184.25,280.74,2.7379973,"{""type"":""Point"",""coordinates"":[118.85559953018907,43.34726023222744]}"
2_00000000000000000535,41,211,208,40,44,56,78,85,78,49,0,0,1416,14,-11,-27,16,4,-19,14,-4,0,-3,-124,40,11,-14,26,-23,19,0,11,56,-20,18,-2,0,-3,5,0,3.0279863,281.375,0.047501117,87033.0,0.0048520006,183.125,281.835,2.9649973,"{""type"":""Point"",""coordinates"":[108.91071170124664,39.47219885745875]}"
2_00000000000000000008,38,208,207,36,40,53,64,77,70,46,1,0,1342,7,-150,-2,4,2,0,3,-4,0,-1,473,29,-26,-36,-20,-11,4,-1,7,30,1,-2,-1,-6,4,0,0,2.6236074,268.25,0.016251117,87389.0,0.0034215003,197.25,281.245,4.7649975,"{""type"":""Point"",""coordinates"":[105.4649547394995,40.95387787369986]}"
2_00000000000000000287,43,206,204,43,46,52,92,79,56,51,0,0,983,21,241,-55,4,34,-92,70,-20,0,-5,-456,46,-38,-56,59,-62,39,1,18,383,-51,-14,29,-98,63,-10,0,2.2488952,270.5,0.027501117,90383.0,0.0040100003,180.625,279.75,4.4429975,"{""type"":""Point"",""coordinates"":[113.62201505117436,43.25536261861698]}"
2_000000000000000002d1,42,209,206,41,49,64,89,104,90,53,1,0,1035,14,9,-7,7,4,-11,9,0,0,2,736,-34,11,33,-10,-9,-1,-2,13,276,-12,5,9,-17,8,2,0,0.92740995,265.375,0.023751117,89960.0,0.0036905005,182.0,278.935,4.3429976,"{""type"":""Point"",""coordinates"":[112.990320959539,43.62996277991486]}"
2_000000000000000001bc,35,204,202,32,33,36,71,68,52,34,0,0,787,24,1,-103,6,51,-109,93,-20,0,-10,-790,9,-33,-59,52,-103,8,2,19,-123,-92,-24,69,-106,71,3,1,3.0473938,272.75,0.042501114,91052.0,0.0045740004,179.125,279.515,2.7849972,"{""type"":""Point"",""coordinates"":[118.98226475471323,42.08845154573862]}"
2_00000000000000000046,39,212,210,38,45,58,71,92,85,49,1,0,1292,8,-93,-2,1,-5,-2,4,0,0,2,939,41,9,1,-35,-37,20,-2,7,117,7,0,0,-7,-3,4,0,1.5394009,268.5,0.015001117,87293.0,0.0030515003,197.75,281.755,3.2839973,"{""type"":""Point"",""coordinates"":[103.67362236880395,41.00804703329711]}"
2_00000000000000000507,33,195,192,28,25,26,45,44,33,24,1,0,1188,19,-353,-127,0,8,-61,44,0,1,-6,-566,91,-45,-16,46,-14,-44,1,15,-1048,-118,25,-1,-29,44,-23,4,19.577515,292.625,0.09250112,88685.0,0.0065710004,168.0,282.43,4.7909975,"{""type"":""Point"",""coordinates"":[113.60719299927271,39.235581119158695]}"
2_0000000000000000089f,35,204,203,32,31,33,57,63,49,32,0,0,631,19,-265,-22,11,32,-54,51,0,1,-14,-822,-189,-123,-22,-18,-129,30,2,13,-271,-58,-23,36,-67,32,20,1,2.7802885,252.625,0.022501118,94062.0,0.0038220005,171.125,274.535,5.2419977,"{""type"":""Point"",""coordinates"":[116.91847239145002,49.02173832790158]}"
2_000000000000000008b0,31,192,191,25,21,18,51,51,26,18,1,0,686,38,547,-219,162,-46,-57,67,-22,0,-20,-2230,-62,-203,72,2,-89,26,6,24,-996,-232,93,-21,-62,42,-16,4,4.628391,253.625,0.056251116,93983.0,0.0038510002,156.5,273.77,2.7669973,"{""type"":""Point"",""coordinates"":[122.2517712882219,49.119834091976344]}"
2_000000000000000007de,30,188,188,25,19,20,36,33,18,20,1,0,1136,26,-370,-197,109,-43,-28,40,-23,2,-24,-371,-21,-147,68,8,-100,55,0,16,-313,-230,75,-28,-24,21,-15,1,4.6273675,240.375,0.048751116,86652.0,0.0033755004,164.25,270.625,2.5329971,"{""type"":""Point"",""coordinates"":[120.4760725258197,47.266252670574694]}"
2_000000000000000006a7,34,203,201,31,29,33,62,81,73,30,1,0,648,26,117,-123,45,25,-86,114,-75,0,-1,724,122,10,18,79,-162,103,-2,22,399,-91,33,30,-73,72,-35,0,2.5897362,259.0,0.047501117,89948.0,0.0040140003,175.75,276.19,2.4589972,"{""type"":""Point"",""coordinates"":[119.26954679918252,44.29156852141672]}"
2_000000000000000001ac,36,209,205,34,36,42,79,89,71,38,0,0,1292,19,-411,-58,14,6,-36,23,-14,1,-3,-978,-43,-72,2,44,-17,-60,3,14,-772,-62,5,7,-11,24,-22,3,5.2560134,268.375,0.045001116,87589.0,0.0041850004,176.75,278.755,3.9519973,"{""type"":""Point"",""coordinates"":[114.04188846546789,42.22697351996391]}"
2_000000000000000009e2,30,187,186,24,19,16,52,36,18,17,1,0,1086,32,471,-110,97,5,-54,14,22,0,-34,-610,-132,-62,39,-63,-45,84,0,19,1192,-175,28,30,-71,-18,65,-3,4.8967977,231.75,0.033751115,88566.0,0.0032050004,138.25,266.655,2.2299972,"{""type"":""Point"",""coordinates"":[121.56294273478872,52.24866490545087]}"
2_000000000000000007fd,33,199,196,28,25,22,67,56,34,25,0,0,319,31,367,-134,31,46,-164,156,-55,0,-17,-2809,-91,-66,-18,118,-132,43,8,20,-280,-139,10,25,-128,104,-33,1,2.9123154,266.875,0.050001115,97450.0,0.0044110008,160.75,277.065,2.7009974,"{""type"":""Point"",""coordinates"":[122.88103962888415,47.83353504749303]}"
2_00000000000000000217,38,207,204,36,39,43,75,88,72,41,1,0,1246,20,426,-51,23,12,-41,33,-10,0,-7,-1337,-143,-121,-61,-18,-92,-24,4,14,223,-86,0,-2,-49,20,-13,0,2.241219,263.5,0.065001115,87100.0,0.0040690005,175.5,277.37,3.9179974,"{""type"":""Point"",""coordinates"":[115.39178766827649,42.59213822343271]}"
2_00000000000000000347,40,208,205,38,41,50,80,93,74,43,0,0,1099,16,192,-17,11,15,-31,23,-5,0,3,1559,20,-52,-22,-52,1,-43,-5,15,524,-15,-2,20,-43,25,-9,-1,0.92740995,258.25,0.025001116,88855.0,0.0035730004,179.5,277.085,4.1289973,"{""type"":""Point"",""coordinates"":[113.69963016411064,44.33253428279474]}"
2_000000000000000001ae,34,203,201,31,32,36,71,75,59,32,1,0,1421,20,-479,-57,22,15,-48,37,-3,2,-11,-1413,-109,-115,-44,0,-66,-32,4,15,-1037,-75,-10,10,-46,23,1,4,0.92740995,262.125,0.051251117,86082.0,0.0041955,178.25,277.37,3.8789973,"{""type"":""Point"",""coordinates"":[114.66091871011143,42.101654943957875]}"
2_0000000000000000050d,33,194,193,27,20,17,33,38,24,17,1,0,273,33,538,-299,-4,58,-152,43,42,0,-16,-90,205,6,-19,48,-31,-81,0,22,563,-193,-58,64,-144,12,41,0,9.108053,320.0,0.055001117,99048.0,0.0069515,147.5,285.655,1.6549972,"{""type"":""Point"",""coordinates"":[115.29018705077377,39.40913825036091]}"
2_00000000000000000696,45,211,209,44,49,59,72,88,81,52,0,0,1019,9,149,-2,5,0,-2,0,5,0,-1,-822,58,-6,-10,-49,-3,9,2,7,-14,4,0,-1,-14,2,3,0,1.8543341,278.25,0.0137511175,90577.0,0.0033065004,200.0,284.15997,2.8569973,"{""type"":""Point"",""coordinates"":[101.00967067655539,40.92369421866908]}"
2_0000000000000000002e,32,191,190,26,21,19,48,43,27,18,1,0,491,36,-401,-238,26,24,-107,45,19,2,-17,1735,131,-24,-17,64,-65,-70,-6,26,481,-161,-29,40,-106,-5,31,0,18.266642,299.25,0.06375112,96590.0,0.0059740003,158.125,282.88,2.1219974,"{""type"":""Point"",""coordinates"":[117.35397941403694,40.78247894740749]}"
2_000000000000000005f9,36,206,204,33,34,38,64,71,57,32,0,0,1068,18,-453,-58,11,14,-25,4,4,2,-9,-292,67,1,23,40,-16,31,0,13,-322,-62,6,13,-24,9,21,1,2.5972915,285.375,0.04625112,88683.0,0.0049065007,175.125,282.22998,2.2799973,"{""type"":""Point"",""coordinates"":[110.64464206408118,40.18096851080291]}"
2_000000000000000008d2,31,194,192,26,21,21,49,49,31,20,0,0,403,35,483,-222,124,-12,-124,145,-81,0,-26,-5843,-91,-198,9,55,-130,53,18,19,43,-241,70,-32,-99,79,-40,0,7.9057307,259.375,0.072501116,96487.0,0.0043325005,149.0,273.78998,2.4239974,"{""type"":""Point"",""coordinates"":[124.21180482907243,49.274257220558226]}"
2_00000000000000000795,34,203,201,30,27,28,62,71,51,27,0,0,199,27,-854,-97,47,19,-68,59,-20,3,-9,-1793,-42,-129,-19,0,-103,-21,5,18,-602,-106,10,18,-74,44,-26,2,2.8286388,277.625,0.052501116,99546.0,0.0048880004,162.375,279.22998,3.2169974,"{""type"":""Point"",""coordinates"":[122.88885643303084,46.08963859380403]}"
2_00000000000000000160,42,207,204,43,51,64,86,101,87,55,1,0,1465,13,-180,-16,3,4,-15,5,2,1,-3,2211,-55,-68,-6,-34,-51,-16,-7,10,248,-22,-8,10,-19,0,2,0,2.2341852,265.5,0.028751116,85535.0,0.0036110005,182.875,279.22498,3.5709972,"{""type"":""Point"",""coordinates"":[108.70697537411469,41.95963257540562]}"
2_000000000000000001c8,41,213,210,38,38,42,45,58,53,40,0,0,1103,3,203,2,3,4,0,4,6,0,-4,226,-55,-39,-14,-20,-61,-45,0,2,7,-1,-1,0,1,0,1,0,4.678269,269.25,0.011251117,89199.0,0.0027010003,196.5,282.495,3.1399972,"{""type"":""Point"",""coordinates"":[99.97831181660071,42.4972753076217]}"
2_000000000000000000c5,46,214,213,45,47,55,62,78,70,50,0,0,994,6,261,0,0,2,3,0,-1,0,0,-1005,9,-11,-4,-23,0,-1,3,4,-54,1,-1,0,0,0,0,0,0.0,276.25,0.011251118,90655.0,0.0032080004,198.25,283.7,3.2319975,"{""type"":""Point"",""coordinates"":[99.82012074762866,41.55997226618737]}"
2_0000000000000000035b,38,205,203,34,35,39,72,63,49,37,0,0,718,26,633,-137,-7,1,-131,36,-15,-1,-15,1254,21,-22,-24,103,-11,0,-4,19,450,-118,-20,-7,-85,18,0,0,9.26293,320.0,0.050001115,93500.0,0.0057610003,164.5,286.4,2.1179972,"{""type"":""Point"",""coordinates"":[111.02812921377857,35.42304080026036]}"
2_00000000000000000500,34,200,198,31,29,31,72,57,49,28,0,0,841,22,523,-159,43,14,-115,116,-58,0,-9,-787,182,-40,-29,115,-90,49,2,16,51,-124,28,17,-96,95,-34,0,6.037575,288.5,0.060001113,89153.0,0.0053630006,168.25,281.60498,2.4539971,"{""type"":""Point"",""coordinates"":[111.21246399222699,39.251482273515286]}"
2_00000000000000000200,40,215,212,37,38,45,49,57,51,41,0,0,1113,4,10,4,6,1,3,7,2,0,-5,-321,-37,-36,-13,-25,-59,-35,0,3,-27,-2,0,-1,2,0,-1,0,1.5638617,268.0,0.011251117,89299.0,0.0025720005,198.0,282.615,4.5559974,"{""type"":""Point"",""coordinates"":[98.32415477161231,42.5805490197948]}"
2_00000000000000000079,51,211,211,50,57,74,86,105,94,62,1,0,1337,8,198,0,5,0,2,0,4,0,-2,445,-7,-49,1,-51,-64,-47,-1,6,158,4,-4,3,-7,-3,-3,0,0.0,270.0,0.011251117,87221.0,0.0031660004,196.0,281.94,3.8589973,"{""type"":""Point"",""coordinates"":[98.16111220069413,41.276734626373546]}"
2_0000000000000000021f,28,191,191,24,23,23,66,71,44,22,1,0,1739,29,-60,-141,60,-3,-82,73,-7,1,-24,-1134,-110,-193,-68,8,-30,52,3,16,-521,-131,-31,25,-106,64,24,2,6.818559,246.0,0.052501116,83190.0,0.0037295003,175.25,273.22,2.9899974,"{""type"":""Point"",""coordinates"":[117.6924608568019,42.63337153087393]}"
2_00000000000000000184,34,197,195,30,26,29,66,62,42,25,0,0,706,25,115,-119,32,24,-89,71,-30,0,-10,551,56,-51,-34,42,-40,58,-2,18,86,-96,13,11,-76,63,2,0,10.758723,283.25,0.048751116,94769.0,0.0048340005,171.0,280.825,3.0809972,"{""type"":""Point"",""coordinates"":[120.30090120003615,42.02053943669465]}"
2_00000000000000000094,40,211,211,39,50,70,87,109,102,57,1,0,1381,10,-218,0,-3,8,-8,4,4,1,0,2274,11,-10,-33,-37,33,27,-7,9,32,1,-4,1,-14,8,8,0,2.228115,263.625,0.016251117,85738.0,0.0034110006,194.5,280.055,5.322997,"{""type"":""Point"",""coordinates"":[106.28071606352005,41.393424841841174]}"
2_00000000000000000210,42,209,207,42,49,66,92,112,96,54,1,0,1023,14,-708,-10,0,4,-14,12,1,2,3,491,-13,-40,-21,9,7,42,-1,13,-381,-14,-7,-2,-16,9,10,1,0.92740995,274.625,0.031251118,90547.0,0.0040325,179.5,280.65,4.543998,"{""type"":""Point"",""coordinates"":[113.2328648431391,42.71260083839155]}"
2_00000000000000000375,33,191,190,27,21,16,30,34,23,19,1,0,780,30,-1135,-296,31,46,-46,2,47,4,-17,2073,177,-33,-17,-27,-2,-115,-7,19,-168,-220,-18,60,-88,18,4,1,31.896,300.75,0.06750111,88282.0,0.0059425,163.375,282.53,1.9949973,"{""type"":""Point"",""coordinates"":[113.6381882106952,35.911637879989584]}"
2_0000000000000000067e,35,205,203,33,36,38,70,78,58,34,1,0,1425,19,-834,-58,0,13,-44,26,6,3,-2,624,42,-23,-7,-4,-28,-8,-2,16,-534,-66,-6,19,-58,34,3,2,27.661688,271.375,0.040001117,86348.0,0.0042050006,173.75,279.085,2.2539973,"{""type"":""Point"",""coordinates"":[113.10000592725169,40.61054492898872]}"
2_000000000000000007ce,32,188,187,26,20,18,47,37,18,18,1,0,555,41,3322,-252,58,57,-99,50,33,-9,-27,-2644,102,-70,-10,71,-6,-37,7,26,2387,-196,-4,68,-97,61,38,-6,13.539427,264.875,0.047501117,96039.0,0.0041925004,165.25,277.0,2.8339972,"{""type"":""Point"",""coordinates"":[122.21754768763667,46.96252992052133]}"
2_000000000000000001b7,27,191,190,22,19,16,59,44,26,19,1,0,1576,34,623,-212,107,-29,-76,63,3,0,-27,-1545,-54,-173,5,6,-107,-9,4,23,647,-202,7,23,-121,14,59,-1,8.702242,257.75,0.057501115,86342.0,0.0043295007,168.625,275.09497,2.6119974,"{""type"":""Point"",""coordinates"":[117.41838666965292,42.24152356670131]}"
2_00000000000000000374,32,193,192,27,22,22,47,48,31,19,1,0,1276,25,750,-156,32,12,-83,38,-9,-1,-13,-826,61,-54,-26,30,-38,-38,2,17,-466,-139,5,29,-102,58,-36,2,14.887149,296.875,0.066251114,87520.0,0.0059245005,168.125,282.13998,1.8539972,"{""type"":""Point"",""coordinates"":[113.2460727004594,35.82351266587033]}"
2_000000000000000005b3,39,209,207,38,43,49,71,85,71,43,1,0,1497,14,-53,-43,15,7,-14,13,2,0,-4,130,31,-7,7,29,-78,-27,0,10,-145,-32,10,3,-3,-13,-1,0,6.6710925,277.125,0.040001117,85804.0,0.0045245,182.125,281.205,2.4189973,"{""type"":""Point"",""coordinates"":[109.01204031358515,39.92414212652865]}"
2_00000000000000000682,35,200,198,29,25,23,82,49,33,26,0,0,956,24,-113,-162,56,0,-107,78,-28,1,-8,985,77,-24,7,37,-100,-11,-3,20,-125,-146,39,8,-95,60,-25,1,6.1637907,281.625,0.048751116,90198.0,0.0044370005,174.875,281.45502,2.4109974,"{""type"":""Point"",""coordinates"":[114.30895740486191,40.709180244290955]}"
2_00000000000000000635,33,200,199,29,27,24,94,57,35,24,1,0,1025,39,4156,-221,44,10,-175,10,43,-12,-18,-1584,156,-18,-16,124,-32,-14,4,27,3322,-147,29,-1,-120,-28,54,-9,2.433457,292.0,0.035001118,90388.0,0.0049010003,176.25,284.16998,1.7749972,"{""type"":""Point"",""coordinates"":[109.73698312645016,40.37473428797935]}"
2_00000000000000000972,32,187,186,27,22,22,45,54,35,23,1,0,735,31,561,-144,129,-5,-77,82,-53,0,-23,875,-153,-220,42,-63,-177,-4,-3,17,834,-148,17,15,-79,46,-33,-1,0.0,238.5,0.030001117,91818.0,0.0035545004,153.0,269.3,2.9909973,"{""type"":""Point"",""coordinates"":[120.10632386646797,50.72171263621413]}"
2_00000000000000000610,40,204,202,37,37,39,50,55,48,35,0,0,93,13,-394,-72,19,-1,-27,38,-13,1,-12,1694,54,-40,-3,54,-98,15,-5,8,158,-51,6,6,-26,9,-7,0,3.0530744,314.125,0.07875112,100750.0,0.0068990006,159.75,285.55,2.1739974,"{""type"":""Point"",""coordinates"":[117.74205051961727,40.198216313677655]}"
2_000000000000000009fa,29,189,187,23,19,15,52,38,19,17,0,0,703,31,1407,-128,113,-14,-36,10,19,-3,-26,1425,-114,-41,64,-38,-69,23,-5,17,1900,-180,53,7,-31,-9,22,-5,7.1559234,246.625,0.032501116,94834.0,0.0036180005,129.5,269.54498,2.0679972,"{""type"":""Point"",""coordinates"":[121.13741072125839,53.20752770047861]}"
2_000000000000000006f4,32,201,199,27,23,22,73,51,29,22,0,0,318,32,-339,-145,39,23,-147,122,-42,2,-8,1550,102,-43,6,99,-113,23,-5,26,1047,-106,-4,40,-144,87,-10,-2,1.3037242,276.625,0.05250112,96797.0,0.0042880005,175.0,280.40997,2.388997,"{""type"":""Point"",""coordinates"":[120.81024647696705,44.659698527086064]}"
2_00000000000000000757,32,202,198,27,23,21,69,52,34,21,0,0,458,28,68,-119,4,63,-148,143,-54,0,-9,987,58,-11,-77,97,-116,37,-3,23,544,-100,-24,70,-141,124,-37,0,5.3632803,269.0,0.058751114,95191.0,0.0041170004,169.625,278.265,2.5119972,"{""type"":""Point"",""coordinates"":[121.30072529734082,45.556847363534104]}"
2_00000000000000000825,27,190,189,23,20,20,48,45,27,20,1,0,1172,28,199,-159,80,14,-61,64,-33,0,-28,-976,-71,-177,77,1,-100,12,2,14,-931,-164,-16,71,-71,44,-7,3,13.439596,238.5,0.047501117,87478.0,0.0033190004,164.5,270.52997,3.0329971,"{""type"":""Point"",""coordinates"":[120.93933299336327,48.14264885072]}"
2_0000000000000000051f,38,211,210,36,43,57,70,92,85,47,1,0,1296,8,-81,-11,-4,2,-3,6,0,0,0,189,-24,-43,-65,-23,-21,-15,0,7,19,-8,-5,-9,-2,-1,0,0,9.548473,276.125,0.016251117,87602.0,0.0035600006,200.0,283.115,3.0259972,"{""type"":""Point"",""coordinates"":[101.99467272195841,39.637939184514266]}"
2_00000000000000000744,37,206,203,34,33,37,67,85,66,34,0,0,330,25,-620,-76,42,14,-62,53,-24,2,0,434,12,-53,-71,-2,-35,24,-1,20,-834,-72,19,-1,-66,52,-8,3,3.9320273,276.0,0.055001117,97399.0,0.0043595005,168.25,279.70502,2.5929973,"{""type"":""Point"",""coordinates"":[121.54919978534198,45.413745892526926]}"
2_0000000000000000001f,30,191,191,26,21,21,41,43,29,21,1,0,1548,21,-957,-73,29,8,-44,46,-15,3,-11,570,44,-90,11,29,-45,-15,-2,18,-1327,-62,-6,15,-68,39,-12,5,4.8932495,264.375,0.043751117,84014.0,0.0037820004,174.125,277.78998,2.8779974,"{""type"":""Point"",""coordinates"":[112.68282580999443,40.8576683093707]}"
2_0000000000000000080c,29,181,181,24,19,19,43,29,16,18,1,0,1336,24,222,-158,81,-16,-49,37,-33,0,-32,-3328,-107,-112,56,1,-67,51,9,13,-72,-169,5,42,-70,36,2,0,2.916718,239.375,0.04500112,87469.0,0.0033430005,164.5,270.655,2.8839974,"{""type"":""Point"",""coordinates"":[120.90645604129618,47.920853164321606]}"
2_00000000000000000355,35,203,200,30,28,25,81,50,32,29,0,0,378,38,-1516,-255,7,11,-106,51,-51,6,-18,884,106,-17,-70,48,-24,41,-3,27,-1915,-230,-4,3,-70,33,-42,7,2.9265947,337.25,0.051251117,97059.0,0.0074725,163.0,288.96997,2.5789971,"{""type"":""Point"",""coordinates"":[110.73438147278179,35.086713103304206]}"
2_000000000000000005b6,41,207,205,40,44,52,74,88,76,47,1,0,1376,14,241,-25,7,8,-25,7,0,0,-5,480,58,5,-20,32,-65,15,-1,9,-26,-13,2,-1,-5,-16,14,0,10.37142,283.875,0.040001117,87723.0,0.0047430005,180.25,282.66498,2.1309972,"{""type"":""Point"",""coordinates"":[109.68389306930783,40.04514429271495]}"
2_00000000000000000052,37,199,198,32,31,31,91,54,28,29,0,0,1034,23,-373,-197,32,50,-152,195,-104,2,-15,2,84,-52,-57,66,-53,75,0,17,-386,-145,15,38,-119,158,-66,1,1.5395374,278.25,0.018751116,90083.0,0.0044570006,191.625,282.185,3.1249971,"{""type"":""Point"",""coordinates"":[107.2495494085033,41.01721048596195]}"
2_00000000000000000890,31,187,186,27,22,24,58,40,19,23,1,0,1015,35,891,-127,150,-13,-68,63,-12,-1,-30,-1152,-154,-117,46,-29,-65,63,2,16,-811,-141,30,11,-66,38,12,3,7.70422,243.625,0.045001116,91459.0,0.0035900003,164.25,271.72998,3.4809973,"{""type"":""Point"",""coordinates"":[121.01425480926326,48.914479111162]}"
2_000000000000000005ec,43,213,210,43,52,68,84,104,95,55,1,0,1064,9,197,6,3,4,-7,-1,2,0,3,53,22,-19,-35,13,-4,11,0,8,239,5,1,-4,-1,0,3,0,7.595796,279.125,0.016251117,89940.0,0.004219,196.5,282.885,3.0409975,"{""type"":""Point"",""coordinates"":[106.70597607188614,40.20818686363315]}"
2_0000000000000000028e,36,203,201,33,33,38,74,85,70,32,1,0,1259,21,219,-50,32,16,-43,36,-17,0,-11,-1560,-118,-132,-47,4,-89,1,4,13,-245,-72,-9,3,-32,13,0,1,0.92740995,263.0,0.032501116,87553.0,0.0038995005,174.0,277.03998,3.5799973,"{""type"":""Point"",""coordinates"":[115.71814481527714,43.203079658765326]}"
2_000000000000000002c0,42,206,204,41,45,56,89,109,93,49,1,0,627,23,117,-51,27,10,-41,32,-4,0,0,2284,43,-24,-2,-12,-59,21,-7,17,490,-36,1,21,-44,9,8,0,8.936825,275.0,0.047501117,94901.0,0.0040265005,182.625,280.91498,2.5929973,"{""type"":""Point"",""coordinates"":[119.20836793272926,43.46098960459559]}"
2_0000000000000000044b,40,211,208,40,49,66,84,107,99,54,1,0,1351,10,276,1,3,8,-13,2,0,0,5,836,-21,8,-12,-2,-9,-10,-2,10,281,-3,5,0,-8,2,0,0,2.3638785,285.5,0.031251118,87068.0,0.004796,198.0,283.26,2.4189973,"{""type"":""Point"",""coordinates"":[105.32050661997417,38.346521092021604]}"
2_000000000000000006ab,39,206,203,36,37,40,77,84,67,37,0,0,347,23,-1712,-73,8,31,-72,80,-27,6,-3,3494,61,-6,25,15,-54,25,-11,18,-1050,-45,-13,44,-78,68,-13,4,1.2943738,280.0,0.050001115,97270.0,0.0043975003,175.125,281.19,2.4689972,"{""type"":""Point"",""coordinates"":[120.71753730696486,44.23929002066613]}"
2_0000000000000000047b,34,203,201,30,32,33,81,62,46,30,0,0,1284,26,869,-158,47,10,-123,104,-45,-1,-9,-814,112,-17,-9,89,-104,41,2,20,535,-138,31,0,-108,74,-23,0,3.0094042,285.375,0.06750111,87624.0,0.0047720005,179.375,282.31,3.0639973,"{""type"":""Point"",""coordinates"":[109.2187464020187,38.59041162413982]}"
2_000000000000000009e8,34,176,176,28,22,18,38,33,19,20,1,0,767,29,871,-106,87,-10,-25,35,0,-1,-23,-134,-26,-93,33,-5,-78,35,0,21,1522,-148,23,-3,-31,-13,25,-4,0.92740995,243.0,0.035001118,93001.0,0.0036005005,135.625,269.205,2.2619972,"{""type"":""Point"",""coordinates"":[121.4661936192321,52.37452303268438]}"
2_000000000000000009e0,40,170,169,32,20,16,22,18,12,18,1,0,612,22,1374,-340,7,-50,-50,37,-13,-4,-22,-151,-95,-195,-70,50,-42,19,0,15,3252,-309,19,10,-51,44,-21,-10,16.803268,248.375,0.030001117,95492.0,0.0038580005,137.25,270.57,2.2819972,"{""type"":""Point"",""coordinates"":[120.95658079623797,52.24112010646844]}"
2_000000000000000007c4,36,192,191,31,26,26,32,25,20,32,1,0,231,8,2056,-140,14,25,-73,-14,-42,-6,-26,426,-141,-112,0,13,-93,31,-2,5,2327,-127,6,39,-67,8,-24,-7,1.6409836,272.5,0.045001116,98445.0,0.0045390003,164.125,278.445,3.1159973,"{""type"":""Point"",""coordinates"":[122.53123652854448,46.77522983987239]}"
2_000000000000000006a6,33,195,194,29,26,29,65,71,50,28,1,0,1037,27,-203,-102,42,6,-72,59,-18,1,-5,-192,66,-26,5,30,-64,10,0,21,-763,-70,16,15,-70,44,-7,3,10.535071,263.875,0.047501117,91793.0,0.0043105003,174.25,277.025,2.5959973,"{""type"":""Point"",""coordinates"":[119.20513508446555,44.39828818692886]}"
2_0000000000000000027e,40,203,200,36,37,41,84,89,68,36,0,0,133,30,931,-147,41,11,-124,114,-46,-1,-4,1525,71,-45,-47,71,-127,40,-5,21,1040,-102,8,15,-103,72,-22,-2,1.5716743,286.25,0.051251117,100006.0,0.0057160007,169.125,281.065,3.0569973,"{""type"":""Point"",""coordinates"":[123.34241835578314,43.05485913974878]}"
2_0000000000000000010a,43,213,212,41,43,51,58,75,71,45,0,0,982,6,84,9,4,1,2,-1,-3,0,1,-197,-34,-40,-17,-18,2,-22,0,5,-60,3,0,1,0,0,-3,0,1.2422911,276.25,0.010001117,90922.0,0.0031455006,198.5,283.815,3.1899972,"{""type"":""Point"",""coordinates"":[99.88614665692704,41.71358383837753]}"
2_0000000000000000063b,39,209,206,37,40,46,74,84,69,43,1,0,1168,19,-567,-66,5,20,-61,43,-9,2,-5,-476,37,2,-70,0,14,27,1,15,-656,-51,0,5,-57,39,0,2,8.511406,276.875,0.053751115,87351.0,0.0042990004,172.0,280.085,2.8279972,"{""type"":""Point"",""coordinates"":[111.73259137550511,40.390902988399155]}"
2_00000000000000000791,30,201,198,24,22,17,83,53,30,20,0,0,448,38,131,-156,51,55,-105,74,-12,0,-14,-1280,45,-74,-54,71,-34,2,3,29,552,-142,11,45,-86,50,20,0,11.893731,267.25,0.06250112,95888.0,0.0041560004,169.375,277.745,2.3629973,"{""type"":""Point"",""coordinates"":[121.47805482803427,46.07023258601943]}"
2_000000000000000007ca,32,185,184,26,20,19,41,32,17,19,1,0,866,26,467,-242,59,1,-58,65,-27,0,-20,-2981,17,-145,10,21,-42,25,9,15,-53,-197,-18,35,-80,67,0,0,10.992985,255.875,0.048751116,92725.0,0.0039485004,166.5,274.535,2.2949972,"{""type"":""Point"",""coordinates"":[120.82372188035056,47.010233383591085]}"
2_00000000000000000543,30,194,192,25,22,20,49,51,34,22,1,0,2041,24,-772,-170,66,-12,-49,62,-17,3,-18,-115,5,-122,0,9,-119,-74,0,15,-1416,-181,70,-9,-46,57,-56,5,16.837679,271.875,0.07750112,82904.0,0.0053425003,170.125,278.375,3.8929973,"{""type"":""Point"",""coordinates"":[113.58671234813423,39.52960086531976]}"
2_000000000000000001e6,36,210,206,34,37,43,78,88,71,39,0,0,1318,18,-403,-42,12,6,-29,22,-4,1,-4,-1668,-69,-98,9,43,0,-15,5,14,-652,-44,-11,14,-19,21,-3,2,3.8719754,265.125,0.045001116,86865.0,0.0041395007,176.375,277.945,4.0369973,"{""type"":""Point"",""coordinates"":[114.42187522083833,42.35606003636012]}"
2_000000000000000005e0,37,212,211,36,43,56,66,89,85,44,1,0,1561,7,-161,8,-7,2,-4,1,10,0,3,1404,-13,12,-39,-40,-7,-20,-4,6,261,3,1,-3,-3,-2,1,0,11.739282,266.0,0.015001117,85465.0,0.0031685005,201.0,281.26,2.4649973,"{""type"":""Point"",""coordinates"":[102.9804818646521,40.119254552223225]}"
2_00000000000000000664,46,210,209,47,58,80,105,127,113,66,1,0,1207,11,-244,0,3,3,-9,6,4,1,0,827,14,-29,-28,-14,6,-1,-2,10,37,0,-1,0,-14,9,5,0,0.0,273.5,0.016251117,88779.0,0.0036500006,197.0,282.22498,4.5529976,"{""type"":""Point"",""coordinates"":[105.29059051100661,40.70298209382666]}"
2_000000000000000007d6,30,193,191,24,20,19,58,50,24,19,1,0,844,36,275,-193,100,2,-62,48,-2,0,-17,-3423,37,-122,29,58,-44,6,10,24,-284,-175,37,28,-61,57,5,1,15.074799,258.875,0.050001115,93942.0,0.0040045003,165.75,275.34998,2.2009974,"{""type"":""Point"",""coordinates"":[121.11046437359244,47.07275443946148]}"
2_00000000000000000487,36,202,200,31,30,30,57,49,33,27,0,0,195,19,-1047,-108,13,24,-90,35,-1,4,-7,-103,93,-14,-12,27,-59,-8,0,13,-841,-58,-13,27,-72,2,14,3,3.0109577,324.125,0.066251114,98827.0,0.0074770004,154.125,286.91998,2.6969972,"{""type"":""Point"",""coordinates"":[114.4617618797614,38.6499718369107]}"
2_00000000000000000856,33,197,195,29,27,26,75,65,39,25,1,0,816,33,-1131,-133,122,12,-96,71,-18,4,-28,-1790,-251,-241,38,-65,-165,12,5,14,-1547,-203,1,15,-107,57,-20,5,5.5862327,244.75,0.037501115,92370.0,0.0032980004,168.75,272.15,3.8209972,"{""type"":""Point"",""coordinates"":[119.90609239276404,48.511046402452536]}"
2_0000000000000000036a,33,197,196,28,25,22,59,60,37,25,0,0,1179,28,-189,-167,25,26,-85,32,7,1,-8,-692,102,-17,-20,0,-24,-42,2,19,-1309,-120,-1,32,-91,35,-10,5,28.051165,296.875,0.066251114,87520.0,0.0059245005,168.125,282.13998,1.8539972,"{""type"":""Point"",""coordinates"":[113.19944833984458,35.71328814693022]}"
2_0000000000000000011b,49,207,208,50,58,72,89,114,103,62,1,0,1132,11,-310,10,3,1,-2,1,-3,1,2,1827,20,36,-1,-62,6,5,-5,9,153,6,5,3,-11,5,0,0,2.484842,273.375,0.017501116,89090.0,0.0035250005,193.125,282.28998,5.572997,"{""type"":""Point"",""coordinates"":[106.15405083899586,41.75050519510007]}"
2_000000000000000006f6,38,209,207,35,35,38,70,88,69,34,0,0,194,23,187,-77,32,6,-42,41,-14,0,3,1214,9,-32,-32,12,-8,20,-3,18,262,-76,11,4,-50,36,-1,0,4.0142817,283.625,0.057501115,99113.0,0.0044965004,170.0,281.55,2.5089974,"{""type"":""Point"",""coordinates"":[121.56671513427995,44.668322428523425]}"
2_000000000000000001ad,37,206,203,35,37,44,79,88,69,40,0,0,1335,18,-295,-46,8,5,-26,15,0,1,-5,-1657,-38,-88,8,45,-33,-60,5,14,-17,-61,-2,9,-18,25,-14,0,2.2373514,263.25,0.04625112,86246.0,0.0041005006,177.0,277.58,3.9679976,"{""type"":""Point"",""coordinates"":[114.52590158931417,42.24745417110239]}"
2_00000000000000000891,31,196,195,26,25,21,77,61,31,24,1,0,828,34,-535,-156,138,-34,-76,88,-52,2,-28,-305,-205,-251,22,-53,-213,35,0,15,-1408,-183,56,-14,-72,31,-49,5,10.090772,243.125,0.048751116,90611.0,0.0035860003,162.25,271.58,3.4429972,"{""type"":""Point"",""coordinates"":[121.34977540892874,48.9376575184378]}"
2_00000000000000000922,33,188,187,28,23,24,51,52,31,23,1,0,898,33,651,-93,176,-14,-53,54,-13,0,-31,-1179,-125,-205,72,19,-152,74,2,17,-783,-179,21,13,-66,20,17,3,6.040568,235.375,0.035001114,90579.0,0.0033935006,161.5,269.215,3.3429973,"{""type"":""Point"",""coordinates"":[120.42082426376751,50.00539372478648]}"
2_000000000000000009cd,30,187,186,24,20,20,50,39,17,20,0,0,836,34,1503,-175,145,-6,-64,60,-18,-3,-31,-371,-96,-95,66,-50,-109,78,0,20,1862,-219,56,7,-92,42,1,-5,11.291335,242.25,0.031251118,93284.0,0.0036725004,143.0,269.53998,2.2989972,"{""type"":""Point"",""coordinates"":[121.09079081974458,51.62344096944406]}"
2_00000000000000000645,33,190,190,28,22,21,35,36,25,21,1,0,1048,20,282,-194,25,25,-80,84,-17,0,-11,-194,91,-46,-24,54,-58,-40,0,17,615,-163,-14,19,-87,66,-4,-1,11.057175,277.875,0.050001115,88504.0,0.0042495006,173.0,280.45502,2.2529972,"{""type"":""Point"",""coordinates"":[114.87327893868076,40.494929356874984]}"
2_0000000000000000008f,44,210,209,43,51,68,81,100,90,57,1,0,960,8,-135,6,5,1,0,2,-3,0,0,-708,18,-35,-18,-1,-26,21,2,7,110,7,-3,0,0,-1,3,0,1.5431719,278.875,0.016251117,90736.0,0.0033475005,195.5,283.825,4.1479974,"{""type"":""Point"",""coordinates"":[104.76588363094659,41.259754369562025]}"
2_000000000000000003b8,31,191,190,26,21,19,40,43,29,18,1,0,1306,28,-369,-209,44,11,-50,-7,48,2,-14,-1041,159,-36,0,29,-24,-36,3,18,-1831,-163,7,27,-45,-19,63,6,12.032226,287.375,0.060001116,85981.0,0.0053510005,161.625,280.28,2.3949971,"{""type"":""Point"",""coordinates"":[113.11024402327038,37.14133755480152]}"
2_0000000000000000027a,42,207,204,40,42,50,83,95,76,46,0,0,255,23,122,-65,16,23,-56,43,-13,0,1,2486,21,-40,-38,-18,-39,74,-8,19,836,-40,-7,14,-57,22,14,-2,3.1398864,285.75,0.045001116,98414.0,0.0052740006,169.25,281.24,2.8789973,"{""type"":""Point"",""coordinates"":[122.15771992880258,43.02171018251746]}"
2_00000000000000000342,40,206,203,40,47,63,92,102,88,53,1,0,1119,16,222,-19,19,2,-20,12,-3,0,-5,295,-44,-61,-30,-11,22,-14,-1,13,203,-31,6,0,-22,20,-3,0,2.2617924,257.0,0.020001117,89119.0,0.0034655004,182.25,277.175,4.112997,"{""type"":""Point"",""coordinates"":[112.28289795471298,44.31070252403707]}"
2_00000000000000000109,47,215,213,46,50,61,70,89,82,54,0,0,1034,7,163,5,1,0,0,-1,2,0,0,-315,-9,-25,12,-25,-3,-28,1,5,-2,1,-1,1,-2,-1,-1,0,2.6529095,273.5,0.011251117,90122.0,0.0030535003,198.375,283.27997,3.3239975,"{""type"":""Point"",""coordinates"":[99.50696699884726,41.7793422016127]}"
2_000000000000000007ff,37,203,202,35,35,42,66,79,58,35,0,0,633,20,-1144,-30,5,27,-52,50,-22,4,-6,2113,-58,-96,-58,33,-26,85,-7,14,-488,-42,-18,12,-46,42,1,2,1.6646533,259.125,0.021251116,94141.0,0.0038575004,172.375,276.22998,4.6479974,"{""type"":""Point"",""coordinates"":[115.91784119685465,47.87961985688038]}"
2_000000000000000003a0,32,195,194,27,22,20,42,37,23,19,1,0,1040,27,2319,-236,33,11,-117,50,8,-6,-15,-2317,61,-39,-37,119,-16,-42,7,20,1886,-232,-7,23,-105,34,40,-5,31.982048,302.75,0.061251115,87843.0,0.0054425,161.125,283.505,2.1349974,"{""type"":""Point"",""coordinates"":[110.93138455732303,36.713384249399155]}"
2_00000000000000000360,33,189,189,27,21,19,43,37,22,19,1,0,1005,37,-301,-250,37,20,-61,7,9,2,-21,278,129,-39,-12,3,0,-75,-1,23,-833,-159,-5,29,-69,6,-17,3,10.771071,318.625,0.06250112,93341.0,0.0071620005,168.375,286.09497,2.1019974,"{""type"":""Point"",""coordinates"":[112.70519711997957,35.465620756219714]}"
2_000000000000000001c2,46,210,209,45,49,58,67,78,71,52,1,0,1313,6,347,3,4,-2,2,1,2,0,-3,27,-47,-74,-17,-4,-15,-30,0,5,196,-2,-5,-4,1,0,-1,0,0.92740995,264.125,0.010001117,87891.0,0.0025790003,200.125,281.815,4.636997,"{""type"":""Point"",""coordinates"":[97.93743031455013,42.431249398323324]}"
2_000000000000000003ff,39,209,205,39,47,62,75,96,91,52,1,0,1600,8,-161,2,9,4,-4,0,-4,0,1,-241,-49,-34,-13,-21,0,-25,0,7,277,-5,-2,-3,-8,2,-1,0,3.6376677,284.125,0.027501117,84208.0,0.0052200006,195.375,282.65997,4.4969974,"{""type"":""Point"",""coordinates"":[103.51327309492204,37.898889773670376]}"
2_00000000000000000600,34,203,200,30,31,34,71,65,50,30,1,0,1242,18,-706,-93,12,21,-72,73,-36,2,-6,868,72,-41,0,9,-67,4,-3,16,-490,-77,0,14,-78,57,-24,2,2.2168658,276.0,0.04500112,87826.0,0.004641,174.125,279.85498,2.4219973,"{""type"":""Point"",""coordinates"":[113.0485300646907,40.28876727876997]}"
2_0000000000000000089b,34,195,193,29,24,27,42,44,38,25,1,0,315,20,-1448,-116,36,53,-88,99,-43,5,-16,-172,3,-72,-34,30,-58,40,0,15,-1509,-110,20,7,-58,63,-34,5,9.955414,264.625,0.073751114,97836.0,0.0045330003,149.375,274.995,2.5369973,"{""type"":""Point"",""coordinates"":[124.28780574742736,48.9403508154741]}"
2_000000000000000003e8,39,210,207,37,44,54,78,92,79,47,0,0,1449,12,-24,-22,2,15,-30,17,0,0,1,-574,1,0,-47,-1,-33,21,1,11,-325,-28,-1,5,-28,10,9,1,6.1342154,285.0,0.028751116,85712.0,0.004982,199.0,282.87,2.3989973,"{""type"":""Point"",""coordinates"":[105.2690307574132,37.83367096166269]}"
2_00000000000000000587,31,186,186,25,19,14,45,47,22,19,1,0,1176,42,1290,-351,50,-3,-76,32,68,-3,-20,-1379,180,-58,-52,39,-7,-78,4,27,2001,-256,-12,-15,-74,7,53,-5,40.038963,293.25,0.050001115,92221.0,0.0054800003,165.25,282.32,1.7359972,"{""type"":""Point"",""coordinates"":[115.03874726057204,39.753282751463765]}"
2_000000000000000005ff,31,202,200,27,26,26,69,63,42,21,1,0,1570,26,-578,-127,26,12,-88,62,-1,2,-5,521,84,-41,-32,53,-67,-36,-1,21,-550,-105,-10,14,-94,51,-6,2,10.957761,259.625,0.052501116,82407.0,0.0038305004,174.75,276.53998,2.6289973,"{""type"":""Point"",""coordinates"":[112.59577969833012,40.251306370819975]}"
2_000000000000000006e0,33,205,203,30,29,34,65,81,64,31,1,0,1271,20,-240,-39,21,13,-47,34,-8,1,-6,-2608,-115,-137,-48,5,3,-15,8,15,-249,-60,-9,15,-53,40,-10,1,2.6092474,252.125,0.023751117,87583.0,0.0035610003,178.0,275.49,4.237997,"{""type"":""Point"",""coordinates"":[114.69595386708838,44.72976884103991]}"
2_0000000000000000017c,29,191,190,24,22,22,59,56,37,23,1,0,1132,32,-1633,-203,65,18,-104,83,0,6,-13,2716,90,-66,-23,-42,-84,15,-9,22,-1252,-145,-6,35,-137,41,56,5,25.85674,267.25,0.056251116,88943.0,0.004583,166.375,277.00998,2.4659972,"{""type"":""Point"",""coordinates"":[117.3690690120018,41.91193357143691]}"
2_00000000000000000826,31,190,189,25,21,22,50,38,19,23,1,0,1044,33,281,-238,94,-9,-63,62,-7,0,-24,-2414,21,-131,32,39,-72,14,7,20,-793,-232,33,19,-73,60,-2,3,10.062875,244.625,0.055001117,89106.0,0.0035580005,162.125,272.06,2.9169974,"{""type"":""Point"",""coordinates"":[121.30234395102322,48.096564041332634]}"
2_000000000000000005c7,36,199,198,33,34,33,80,56,37,34,0,0,1140,22,-113,-117,-7,48,-140,109,-27,1,-9,-464,59,-42,-52,38,-84,-45,1,16,-315,-84,-32,37,-128,92,-24,1,4.0761876,269.125,0.04625112,85716.0,0.0041025,174.0,278.54498,1.9889972,"{""type"":""Point"",""coordinates"":[114.91451224612196,40.09607614494741]}"
2_00000000000000000934,33,192,190,27,23,23,50,60,39,23,0,0,535,30,-59,-81,92,51,-87,87,-19,1,-16,-2707,-145,-199,16,-31,-160,-10,8,17,-317,-144,-13,49,-100,53,-22,1,1.7201135,245.0,0.026251119,94156.0,0.0036785004,159.75,271.46002,3.6489973,"{""type"":""Point"",""coordinates"":[119.66678135742768,50.2096696031459]}"
2_00000000000000000047,39,212,211,37,43,55,66,87,81,45,1,0,1298,7,44,1,1,4,-7,-2,0,0,4,1161,48,2,-29,-5,-28,25,-3,7,226,6,0,0,-9,-4,7,0,5.2343,269.5,0.0137511175,87603.0,0.0030845003,197.5,281.96997,3.3439972,"{""type"":""Point"",""coordinates"":[103.9167058036315,41.02152243668063]}"
2_0000000000000000093d,30,192,191,25,23,25,67,58,30,23,1,0,750,36,915,-191,119,2,-76,57,-4,-1,-23,-2611,-43,-172,26,27,-91,21,7,23,233,-206,40,29,-73,39,18,0,10.955855,240.75,0.032501116,91916.0,0.0035120004,152.5,270.09,2.3159971,"{""type"":""Point"",""coordinates"":[122.40161046092082,50.24308610644041]}"
2_000000000000000006cc,33,203,201,28,27,24,87,74,48,28,1,0,794,36,-664,-255,114,4,-127,125,-42,3,-4,2775,141,-60,33,88,-123,37,-9,31,367,-211,70,30,-106,88,-5,0,2.7802885,263.5,0.050001115,91944.0,0.004172,174.0,276.89,2.3329973,"{""type"":""Point"",""coordinates"":[119.4439065685744,44.586395364868466]}"
2_00000000000000000520,38,210,209,37,45,61,74,96,89,51,1,0,1292,7,54,-21,-9,-3,2,1,-1,0,3,1786,-43,-15,-62,-28,0,-14,-5,7,222,-22,-7,-9,1,1,1,0,10.165075,276.0,0.016251117,87277.0,0.0035695005,199.375,282.97498,3.0139973,"{""type"":""Point"",""coordinates"":[102.29758391562004,39.56086362280547]}"
2_00000000000000000330,32,198,197,28,25,25,63,63,39,25,1,0,1082,27,-38,-119,44,-7,-79,49,-3,1,-12,-233,-63,-104,-2,49,-81,-15,0,19,45,-122,5,-1,-86,36,12,0,22.109476,259.625,0.041251116,90173.0,0.0040505,177.375,276.495,3.3729973,"{""type"":""Point"",""coordinates"":[118.45621122613507,44.172724560140296]}"
2_00000000000000000359,34,199,197,29,25,19,83,45,24,21,0,0,545,37,2728,-160,-44,102,-98,117,-44,-7,-18,-623,77,28,-60,-61,-78,-8,1,20,1980,-100,-54,89,-119,92,-52,-5,4.340858,328.5,0.058751114,96403.0,0.0074555003,166.25,287.51,2.5079973,"{""type"":""Point"",""coordinates"":[111.95600125648485,35.18669506712457]}"
2_000000000000000007bf,30,194,193,24,22,23,63,56,27,21,1,0,851,37,596,-189,94,12,-60,39,31,0,-18,-3417,-5,-144,30,36,-30,0,10,24,-249,-173,18,28,-63,38,48,1,18.325495,252.375,0.051251117,91423.0,0.0037335004,168.875,274.01498,2.223997,"{""type"":""Point"",""coordinates"":[120.9716748533039,46.75960069068007]}"
2_00000000000000000606,34,194,193,29,24,24,40,43,27,20,1,0,854,17,66,-152,12,10,-57,45,3,0,-9,480,41,-55,-10,22,-35,-29,-1,15,-339,-150,-10,7,-58,34,1,1,9.598936,283.875,0.04625112,90276.0,0.004525,173.625,281.68,2.0179973,"{""type"":""Point"",""coordinates"":[114.73394986716478,40.26154892593974]}"
2_00000000000000000716,37,207,205,36,40,50,83,101,85,44,1,0,1419,19,-260,-28,25,9,-19,17,0,1,-5,194,-101,-114,-31,4,17,-8,0,13,11,-39,-9,13,-28,21,1,0,2.7802885,245.875,0.026251117,86065.0,0.0034710006,177.0,273.91,4.350997,"{""type"":""Point"",""coordinates"":[114.83662958712249,45.08091858989772]}"
2_000000000000000002d2,47,208,207,48,58,74,98,110,95,62,1,0,1018,13,-228,-10,8,6,-22,18,-10,1,-1,36,-9,29,51,-12,-26,26,0,11,173,-5,7,14,-17,7,0,0,1.2841923,265.125,0.023751117,90012.0,0.0037435004,182.0,278.79498,4.315997,"{""type"":""Point"",""coordinates"":[113.10189212699729,43.77063849994898]}"
2_000000000000000001f7,34,202,201,30,29,30,73,60,43,28,1,0,494,27,688,-154,20,39,-97,67,-7,-1,-9,-98,87,-58,-26,62,-73,0,0,22,937,-115,-12,47,-86,40,18,-2,6.3191266,282.25,0.043751113,95157.0,0.0046415003,179.75,281.68,3.2359972,"{""type"":""Point"",""coordinates"":[119.62312229901343,42.36764923999802]}"
2_000000000000000006a5,36,203,202,33,33,37,67,78,58,34,1,0,1100,20,-534,-73,40,-8,-54,38,-8,2,-1,342,54,-21,12,25,-58,27,-1,16,-821,-64,17,5,-58,36,5,3,19.636126,257.75,0.041251116,89506.0,0.0040550004,176.125,275.88998,3.2239974,"{""type"":""Point"",""coordinates"":[118.64593259865606,44.26677591955958]}"
2_0000000000000000025d,44,210,208,43,50,63,88,102,86,54,1,0,980,13,-211,-19,3,7,-18,14,1,1,3,-813,-4,7,2,-4,9,-3,2,12,-466,-20,4,13,-23,22,0,1,1.573279,271.625,0.028751118,90664.0,0.0039210003,181.125,280.145,4.518997,"{""type"":""Point"",""coordinates"":[113.16333853951376,43.15052915285047]}"
2_000000000000000006d3,33,202,199,28,26,25,71,60,39,26,1,0,196,32,723,-123,24,33,-83,53,-1,-1,-5,1003,50,-7,-21,49,-22,27,-3,27,1407,-116,-2,30,-95,50,20,-3,0.92740995,284.875,0.051251113,99150.0,0.0045630005,169.0,281.68,2.4969974,"{""type"":""Point"",""coordinates"":[121.6389391940426,44.46620029597283]}"
2_000000000000000007f8,30,190,189,25,21,21,50,50,27,22,1,0,1081,30,560,-162,103,1,-54,34,11,0,-19,-3554,-43,-117,32,-2,-66,15,11,18,58,-172,33,14,-64,30,26,0,14.917155,248.625,0.051251117,90454.0,0.0036635003,163.125,272.97,2.5899973,"{""type"":""Point"",""coordinates"":[121.23335273952432,47.82356449753752]}"
2_0000000000000000088f,33,184,184,29,25,25,54,47,22,24,1,0,833,32,-1660,-158,153,1,-77,113,-67,6,-30,-1111,-221,-224,73,-52,-118,49,2,13,-2049,-206,0,-22,-71,58,-29,7,10.800206,243.0,0.042501114,92038.0,0.0035020006,166.125,271.61,3.5419974,"{""type"":""Point"",""coordinates"":[120.70379435751812,48.90936006315264]}"
2_000000000000000008e3,34,194,192,29,25,27,46,63,55,25,1,0,660,26,-629,-97,141,-25,-39,80,-49,2,-29,-3438,-189,-285,9,-51,-204,52,10,10,-1663,-117,22,-46,-27,12,-29,5,0.92740995,244.625,0.041251116,93522.0,0.0036515002,164.25,271.83002,3.5249972,"{""type"":""Point"",""coordinates"":[120.8870500335116,49.389061236280234]}"
2_000000000000000007a9,35,201,199,30,29,33,62,67,52,30,0,0,314,27,-629,-148,43,41,-113,138,-55,2,-12,1061,-3,-105,-51,86,-123,23,-3,20,157,-123,0,26,-91,89,-42,0,3.259415,271.625,0.048751116,97626.0,0.0044680005,164.5,278.31,3.0359974,"{""type"":""Point"",""coordinates"":[122.40349666066642,46.28798386776236]}"
2_0000000000000000030d,34,203,201,30,28,31,70,74,52,29,0,0,402,27,-586,-115,43,4,-74,74,-44,2,-4,2230,64,-30,15,-4,-59,2,-7,19,554,-75,5,25,-91,64,-24,-1,0.92740995,280.625,0.04625112,96959.0,0.0044760006,179.625,281.575,2.4439974,"{""type"":""Point"",""coordinates"":[119.7187923121151,43.80270835472535]}"
2_00000000000000000831,37,201,199,34,33,37,62,68,52,34,1,0,664,19,-1118,-35,20,31,-43,36,11,4,-21,-2150,-224,-130,3,-20,-137,0,6,10,-1126,-83,-16,33,-45,24,1,4,1.6741385,254.125,0.022501117,93276.0,0.0036415006,171.5,274.885,4.7729974,"{""type"":""Point"",""coordinates"":[116.96832960032862,48.302458573374444]}"
2_0000000000000000011a,46,209,208,46,54,68,81,103,91,59,1,0,940,9,-199,6,1,0,0,3,3,0,3,1365,32,-13,12,-29,-8,-12,-4,7,71,6,0,1,-5,1,2,0,4.45646,279.125,0.017501116,91231.0,0.0035145003,193.75,283.735,5.329997,"{""type"":""Point"",""coordinates"":[105.70534487729078,41.72140064252422]}"
2_0000000000000000044a,42,210,207,42,52,68,82,103,97,57,1,0,1328,9,-194,0,4,-2,-9,2,0,0,1,2351,0,-3,-12,-9,9,-9,-7,7,409,1,0,0,-10,3,0,-1,8.069267,282.25,0.030001117,86534.0,0.0046935,200.25,282.84497,2.8769972,"{""type"":""Point"",""coordinates"":[104.88069210576964,38.39907159793646]}"
2_000000000000000008c0,41,199,196,39,39,46,77,70,46,41,1,0,624,25,-549,-40,38,29,-55,40,7,2,-25,-3726,-314,-186,-36,-50,-121,-1,11,12,-1647,-95,-35,22,-63,26,-2,5,2.8434212,248.5,0.031251118,94066.0,0.0034505003,166.0,273.16498,4.3139973,"{""type"":""Point"",""coordinates"":[118.73944886594889,49.31953047355387]}"
2_00000000000000000392,39,197,195,33,25,23,27,27,24,24,0,0,558,8,283,-83,11,-9,-35,5,-14,0,-15,-1057,36,-22,-11,48,-28,11,3,6,-21,-80,0,0,-25,0,6,0,0.92740995,322.5,0.05375112,93070.0,0.0067455005,150.875,286.29498,2.5779972,"{""type"":""Point"",""coordinates"":[111.67653601616225,36.60773922724092]}"
2_00000000000000000860,31,194,192,26,23,20,79,60,30,21,1,0,460,45,286,-218,139,21,-74,60,-9,0,-17,-2722,97,-99,-22,15,-68,-14,8,30,-179,-189,69,19,-79,37,0,1,7.210847,265.0,0.060001116,97607.0,0.0044865003,155.0,275.95502,2.381997,"{""type"":""Point"",""coordinates"":[123.04192845399353,48.56602265934047]}"
2_000000000000000001ca,47,214,211,46,49,56,62,77,71,51,0,0,917,5,336,9,2,0,-6,0,3,0,0,-950,-49,-14,-22,6,19,-47,3,3,71,1,2,0,0,3,0,0,0.92740995,276.625,0.008751117,91300.0,0.0029715004,196.125,283.99,2.8139973,"{""type"":""Point"",""coordinates"":[100.63722872016736,42.299197579726574]}"
2_000000000000000004f0,53,209,207,55,64,81,98,117,108,67,1,0,1150,10,391,3,3,5,-12,4,-1,0,1,435,1,-30,-38,26,-27,31,-1,8,121,0,1,-3,-2,0,1,0,2.5704381,283.0,0.033751115,89000.0,0.004031,196.5,283.58,3.0009973,"{""type"":""Point"",""coordinates"":[105.32535812192032,39.35874149025488]}"
2_000000000000000000fc,28,189,188,23,18,16,44,39,23,18,1,0,1017,36,-1163,-308,100,-6,-66,45,50,4,-19,1860,163,-71,-43,5,-88,-17,-6,28,-642,-248,39,16,-104,22,70,3,12.222338,262.875,0.051251117,86540.0,0.0041165007,165.0,276.12,2.8259974,"{""type"":""Point"",""coordinates"":[116.97533930718465,41.46160895604941]}"
2_0000000000000000086a,37,204,199,35,35,42,69,70,55,37,1,0,630,21,-1335,-37,24,49,-59,31,-22,5,-18,-901,-257,-136,4,-31,-137,1,2,11,-1413,-88,-18,34,-51,30,-18,5,1.8543341,254.75,0.032501116,94320.0,0.0036365003,168.375,274.865,4.987997,"{""type"":""Point"",""coordinates"":[117.52025483321887,48.635553422066856]}"
2_00000000000000000030,32,195,193,26,21,18,55,45,28,19,1,0,471,34,567,-251,28,14,-120,28,61,0,-17,366,187,-34,-30,68,-71,-59,-1,25,325,-198,-16,24,-114,-15,80,0,22.219955,298.625,0.052501116,97139.0,0.0058725,163.125,283.285,1.8489972,"{""type"":""Point"",""coordinates"":[117.90725129544532,40.94849127962729]}"
2_00000000000000000422,38,210,208,37,47,62,75,98,90,52,1,0,1442,8,-135,2,9,5,-1,1,3,0,0,1149,-62,-24,-25,-37,-7,-11,-3,7,294,-9,-3,-1,-9,3,2,0,3.9882848,284.625,0.028751116,85929.0,0.0050775004,200.375,283.185,3.6589973,"{""type"":""Point"",""coordinates"":[103.99836532122328,38.143319857016074]}"
2_00000000000000000226,37,205,203,34,35,42,85,92,76,40,1,0,524,28,-171,-69,-5,46,-81,71,-3,1,-5,479,9,-23,-33,39,-70,30,-1,21,-527,-50,-28,40,-76,44,24,2,0.92740995,280.25,0.050001115,95603.0,0.0044985004,182.125,281.55,3.1439972,"{""type"":""Point"",""coordinates"":[119.943548841613,42.71879898885583]}"
